"campaignid","sample","family","genus","species"
"2021-05_PtCloates_stereo-BRUVS","1","Apogonidae","Pristiapogon","exostigma"
"2021-05_PtCloates_stereo-BRUVS","1","Carangidae","Carangoides","chrysophrys"
"2021-05_PtCloates_stereo-BRUVS","1","Cirrhitidae","Paracirrhites","forsteri"
"2021-05_PtCloates_stereo-BRUVS","1","Labridae","Bodianus","solatus"
"2021-05_PtCloates_stereo-BRUVS","1","Lutjanidae","Pristipomoides","multidens"
"2021-05_PtCloates_stereo-BRUVS","1","Microdesmidae","Ptereleotris","sp1"
"2021-05_PtCloates_stereo-BRUVS","1","Muraenidae","Gymnothorax","kidako"
"2021-05_PtCloates_stereo-BRUVS","1","Nemipteridae","Parascolopsis","eriomma"
"2021-05_PtCloates_stereo-BRUVS","1","Pteroidae","Pterois","sp1"
"2021-05_PtCloates_stereo-BRUVS","1","SUS","SUS","sus"
"2021-05_PtCloates_stereo-BRUVS","1","Triakidae","Hemitriakis","falcata"
"2021-05_PtCloates_stereo-BRUVS","10","Triakidae","Hemitriakis","falcata"
"2021-05_PtCloates_stereo-BRUVS","11","Cirrhitidae","Cirrhitichthys","aprinus"
"2021-05_PtCloates_stereo-BRUVS","11","Lethrinidae","Gymnocranius","grandoculis"
"2021-05_PtCloates_stereo-BRUVS","11","Lutjanidae","Pristipomoides","multidens"
"2021-05_PtCloates_stereo-BRUVS","11","Muraenidae","Gymnothorax","kidako"
"2021-05_PtCloates_stereo-BRUVS","11","Muraenidae","Uropterygius","concolor"
"2021-05_PtCloates_stereo-BRUVS","11","Triakidae","Hemitriakis","falcata"
"2021-05_PtCloates_stereo-BRUVS","12","Carangidae","Carangoides","chrysophrys"
"2021-05_PtCloates_stereo-BRUVS","12","Labridae","Bodianus","solatus"
"2021-05_PtCloates_stereo-BRUVS","12","Lethrinidae","Gymnocranius","grandoculis"
"2021-05_PtCloates_stereo-BRUVS","12","Lethrinidae","Gymnocranius","griseus"
"2021-05_PtCloates_stereo-BRUVS","12","Lutjanidae","Lutjanus","sebae"
"2021-05_PtCloates_stereo-BRUVS","12","Lutjanidae","Pristipomoides","multidens"
"2021-05_PtCloates_stereo-BRUVS","12","Serranidae","Epinephelus","multinotatus"
"2021-05_PtCloates_stereo-BRUVS","13","Carangidae","Carangoides","chrysophrys"
"2021-05_PtCloates_stereo-BRUVS","13","Labridae","Bodianus","solatus"
"2021-05_PtCloates_stereo-BRUVS","13","Lutjanidae","Pristipomoides","multidens"
"2021-05_PtCloates_stereo-BRUVS","13","Nemipteridae","Pentapodus","nagasakiensis"
"2021-05_PtCloates_stereo-BRUVS","13","SUS","SUS","sus"
"2021-05_PtCloates_stereo-BRUVS","14","Dasyatidae","Taeniurops","meyeni"
"2021-05_PtCloates_stereo-BRUVS","14","Lethrinidae","Gymnocranius","grandoculis"
"2021-05_PtCloates_stereo-BRUVS","14","Triakidae","Hemitriakis","falcata"
"2021-05_PtCloates_stereo-BRUVS","15","Carangidae","Carangoides","chrysophrys"
"2021-05_PtCloates_stereo-BRUVS","15","Carcharhinidae","Carcharhinus","sp2"
"2021-05_PtCloates_stereo-BRUVS","15","Labridae","Bodianus","solatus"
"2021-05_PtCloates_stereo-BRUVS","15","Lethrinidae","Gymnocranius","grandoculis"
"2021-05_PtCloates_stereo-BRUVS","15","Lutjanidae","Aprion","virescens"
"2021-05_PtCloates_stereo-BRUVS","15","Lutjanidae","Lutjanus","sebae"
"2021-05_PtCloates_stereo-BRUVS","16","Labridae","Bodianus","solatus"
"2021-05_PtCloates_stereo-BRUVS","16","Lethrinidae","Gymnocranius","grandoculis"
"2021-05_PtCloates_stereo-BRUVS","16","Lethrinidae","Gymnocranius","griseus"
"2021-05_PtCloates_stereo-BRUVS","16","Lutjanidae","Pristipomoides","multidens"
"2021-05_PtCloates_stereo-BRUVS","17","Carangidae","Carangoides","chrysophrys"
"2021-05_PtCloates_stereo-BRUVS","17","Cirrhitidae","Cyprinocirrhites","polyactis"
"2021-05_PtCloates_stereo-BRUVS","17","Labridae","Bodianus","solatus"
"2021-05_PtCloates_stereo-BRUVS","17","Labridae","Choerodon","sp1"
"2021-05_PtCloates_stereo-BRUVS","17","Labridae","Leptojulis","cyanopleura"
"2021-05_PtCloates_stereo-BRUVS","17","Lethrinidae","Gymnocranius","grandoculis"
"2021-05_PtCloates_stereo-BRUVS","17","Lethrinidae","Gymnocranius","griseus"
"2021-05_PtCloates_stereo-BRUVS","17","Lutjanidae","Pristipomoides","multidens"
"2021-05_PtCloates_stereo-BRUVS","17","Mullidae","Parupeneus","ciliatus"
"2021-05_PtCloates_stereo-BRUVS","17","Nemipteridae","Pentapodus","nagasakiensis"
"2021-05_PtCloates_stereo-BRUVS","2","Carangidae","Carangoides","chrysophrys"
"2021-05_PtCloates_stereo-BRUVS","2","Carcharhinidae","Carcharhinus","sp1"
"2021-05_PtCloates_stereo-BRUVS","2","Labridae","Bodianus","solatus"
"2021-05_PtCloates_stereo-BRUVS","2","Lethrinidae","Gymnocranius","grandoculis"
"2021-05_PtCloates_stereo-BRUVS","2","Lethrinidae","Gymnocranius","griseus"
"2021-05_PtCloates_stereo-BRUVS","2","Lethrinidae","Lethrinus","punctulatus"
"2021-05_PtCloates_stereo-BRUVS","2","Lutjanidae","Lutjanus","sebae"
"2021-05_PtCloates_stereo-BRUVS","2","Lutjanidae","Pristipomoides","multidens"
"2021-05_PtCloates_stereo-BRUVS","2","Mullidae","Upeneus","moluccensis"
"2021-05_PtCloates_stereo-BRUVS","2","Serranidae","Epinephelus","areolatus"
"2021-05_PtCloates_stereo-BRUVS","2","Sphyraenidae","Sphyraena","qenie"
"2021-05_PtCloates_stereo-BRUVS","21","Carangidae","Carangoides","chrysophrys"
"2021-05_PtCloates_stereo-BRUVS","21","Lethrinidae","Gymnocranius","grandoculis"
"2021-05_PtCloates_stereo-BRUVS","21","Lethrinidae","Gymnocranius","griseus"
"2021-05_PtCloates_stereo-BRUVS","21","Lutjanidae","Pristipomoides","multidens"
"2021-05_PtCloates_stereo-BRUVS","22","Carangidae","Carangoides","chrysophrys"
"2021-05_PtCloates_stereo-BRUVS","22","Dasyatidae","Taeniurops","meyeni"
"2021-05_PtCloates_stereo-BRUVS","22","Labridae","Bodianus","solatus"
"2021-05_PtCloates_stereo-BRUVS","22","Lethrinidae","Gymnocranius","grandoculis"
"2021-05_PtCloates_stereo-BRUVS","22","Lethrinidae","Lethrinus","punctulatus"
"2021-05_PtCloates_stereo-BRUVS","22","Lutjanidae","Pristipomoides","multidens"
"2021-05_PtCloates_stereo-BRUVS","22","Lutjanidae","Pristipomoides","sp1"
"2021-05_PtCloates_stereo-BRUVS","22","Microdesmidae","Ptereleotris","sp1"
"2021-05_PtCloates_stereo-BRUVS","22","Nemipteridae","Nemipterus","peronii"
"2021-05_PtCloates_stereo-BRUVS","23","Synodontidae","Saurida","undosquamis"
"2021-05_PtCloates_stereo-BRUVS","25","Carangidae","Carangoides","chrysophrys"
"2021-05_PtCloates_stereo-BRUVS","25","Labridae","Bodianus","solatus"
"2021-05_PtCloates_stereo-BRUVS","25","Lethrinidae","Gymnocranius","grandoculis"
"2021-05_PtCloates_stereo-BRUVS","25","Lutjanidae","Pristipomoides","sp1"
"2021-05_PtCloates_stereo-BRUVS","25","SUS","SUS","sus"
"2021-05_PtCloates_stereo-BRUVS","26","Synodontidae","Saurida","undosquamis"
"2021-05_PtCloates_stereo-BRUVS","27","Lethrinidae","Gymnocranius","grandoculis"
"2021-05_PtCloates_stereo-BRUVS","27","Lethrinidae","Lethrinus","ravus"
"2021-05_PtCloates_stereo-BRUVS","27","Lethrinidae","Lethrinus","rubrioperculatus"
"2021-05_PtCloates_stereo-BRUVS","27","Nemipteridae","Pentapodus","nagasakiensis"
"2021-05_PtCloates_stereo-BRUVS","3","Carangidae","Carangoides","chrysophrys"
"2021-05_PtCloates_stereo-BRUVS","3","Lethrinidae","Gymnocranius","grandoculis"
"2021-05_PtCloates_stereo-BRUVS","3","Lethrinidae","Gymnocranius","griseus"
"2021-05_PtCloates_stereo-BRUVS","3","Lutjanidae","Lutjanus","sebae"
"2021-05_PtCloates_stereo-BRUVS","3","Lutjanidae","Pristipomoides","multidens"
"2021-05_PtCloates_stereo-BRUVS","3","SUS","SUS","sus"
"2021-05_PtCloates_stereo-BRUVS","4","Carangidae","Carangoides","chrysophrys"
"2021-05_PtCloates_stereo-BRUVS","4","Labridae","Bodianus","solatus"
"2021-05_PtCloates_stereo-BRUVS","4","Lethrinidae","Gymnocranius","grandoculis"
"2021-05_PtCloates_stereo-BRUVS","4","Lethrinidae","Gymnocranius","griseus"
"2021-05_PtCloates_stereo-BRUVS","4","Lutjanidae","Lutjanus","sebae"
"2021-05_PtCloates_stereo-BRUVS","4","Lutjanidae","Pristipomoides","multidens"
"2021-05_PtCloates_stereo-BRUVS","5","Triakidae","Mustelus","stevensi"
"2021-05_PtCloates_stereo-BRUVS","6","Carangidae","Carangoides","chrysophrys"
"2021-05_PtCloates_stereo-BRUVS","6","Carangidae","Carangoides","gymnostethus"
"2021-05_PtCloates_stereo-BRUVS","6","Carcharhinidae","Carcharhinus","tilstoni"
"2021-05_PtCloates_stereo-BRUVS","6","Lethrinidae","Gymnocranius","grandoculis"
"2021-05_PtCloates_stereo-BRUVS","6","Lethrinidae","Lethrinus","rubrioperculatus"
"2021-05_PtCloates_stereo-BRUVS","6","Lutjanidae","Pristipomoides","multidens"
"2021-05_PtCloates_stereo-BRUVS","6","Microdesmidae","Ptereleotris","sp1"
"2021-05_PtCloates_stereo-BRUVS","6","Nemipteridae","Pentapodus","nagasakiensis"
"2021-05_PtCloates_stereo-BRUVS","7","Carangidae","Carangoides","chrysophrys"
"2021-05_PtCloates_stereo-BRUVS","7","Carangidae","Carangoides","gymnostethus"
"2021-05_PtCloates_stereo-BRUVS","7","Lethrinidae","Lethrinus","rubrioperculatus"
"2021-05_PtCloates_stereo-BRUVS","7","Lutjanidae","Pristipomoides","multidens"
"2021-05_PtCloates_stereo-BRUVS","7","Microdesmidae","Ptereleotris","sp1"
"2021-05_PtCloates_stereo-BRUVS","7","Triakidae","Hemitriakis","falcata"
"2021-05_PtCloates_stereo-BRUVS","8","Balistidae","Abalistes","stellatus"
"2021-05_PtCloates_stereo-BRUVS","8","Carangidae","Carangoides","chrysophrys"
"2021-05_PtCloates_stereo-BRUVS","8","Labridae","Coris","caudimacula"
"2021-05_PtCloates_stereo-BRUVS","8","Lethrinidae","Gymnocranius","grandoculis"
"2021-05_PtCloates_stereo-BRUVS","8","Lethrinidae","Lethrinus","rubrioperculatus"
"2021-05_PtCloates_stereo-BRUVS","8","Lutjanidae","Pristipomoides","multidens"
"2021-05_PtCloates_stereo-BRUVS","8","Synodontidae","Unknown","sp1"
"2021-05_PtCloates_stereo-BRUVS","8","Unknown","Unknown","sp2"
"2021-08_Pt-Cloates_stereo-BRUVs","PCB11","Carangidae","Carangoides","chrysophrys"
"2021-08_Pt-Cloates_stereo-BRUVs","PCB11","Carangidae","Carangoides","fulvoguttatus"
"2021-08_Pt-Cloates_stereo-BRUVs","PCB11","Carangidae","Seriolina","nigrofasciata"
"2021-08_Pt-Cloates_stereo-BRUVs","PCB11","Lethrinidae","Gymnocranius","sp1"
"2021-08_Pt-Cloates_stereo-BRUVs","PCB11","Lethrinidae","Lethrinus","rubrioperculatus"
"2021-08_Pt-Cloates_stereo-BRUVs","PCB11","Lutjanidae","Lutjanus","sebae"
"2021-08_Pt-Cloates_stereo-BRUVs","PCB11","Lutjanidae","Pristipomoides","sp1"
"2021-08_Pt-Cloates_stereo-BRUVs","PCB12","Balistidae","Abalistes","filamentosus"
"2021-08_Pt-Cloates_stereo-BRUVs","PCB12","Carangidae","Carangoides","gymnostethus"
"2021-08_Pt-Cloates_stereo-BRUVs","PCB12","Lethrinidae","Gymnocranius","sp1"
"2021-08_Pt-Cloates_stereo-BRUVs","PCB12","Lethrinidae","Lethrinus","rubrioperculatus"
"2021-08_Pt-Cloates_stereo-BRUVs","PCB12","Lutjanidae","Lutjanus","sebae"
"2021-08_Pt-Cloates_stereo-BRUVs","PCB12","Lutjanidae","Pristipomoides","sp1"
"2021-08_Pt-Cloates_stereo-BRUVs","PCB13","Carangidae","Carangoides","chrysophrys"
"2021-08_Pt-Cloates_stereo-BRUVs","PCB13","Carangidae","Carangoides","fulvoguttatus"
"2021-08_Pt-Cloates_stereo-BRUVs","PCB13","Lethrinidae","Gymnocranius","sp1"
"2021-08_Pt-Cloates_stereo-BRUVs","PCB13","Lethrinidae","Lethrinus","rubrioperculatus"
"2021-08_Pt-Cloates_stereo-BRUVs","PCB13","Lutjanidae","Lutjanus","sebae"
"2021-08_Pt-Cloates_stereo-BRUVs","PCB13","Lutjanidae","Pristipomoides","sp1"
"2021-08_Pt-Cloates_stereo-BRUVs","PCB13","Unknown","Unknown","unknown"
"2021-08_Pt-Cloates_stereo-BRUVs","PCB16","Balistidae","Sufflamen","fraenatum"
"2021-08_Pt-Cloates_stereo-BRUVs","PCB16","Carangidae","Carangoides","chrysophrys"
"2021-08_Pt-Cloates_stereo-BRUVs","PCB16","Carangidae","Carangoides","fulvoguttatus"
"2021-08_Pt-Cloates_stereo-BRUVs","PCB16","Labridae","Bodianus","solatus"
"2021-08_Pt-Cloates_stereo-BRUVs","PCB16","Lethrinidae","Gymnocranius","sp1"
"2021-08_Pt-Cloates_stereo-BRUVs","PCB16","Lethrinidae","Lethrinus","olivaceus"
"2021-08_Pt-Cloates_stereo-BRUVs","PCB16","Lethrinidae","Lethrinus","rubrioperculatus"
"2021-08_Pt-Cloates_stereo-BRUVs","PCB16","Lutjanidae","Lutjanus","sebae"
"2021-08_Pt-Cloates_stereo-BRUVs","PCB16","Lutjanidae","Pristipomoides","sp1"
"2021-08_Pt-Cloates_stereo-BRUVs","PCB16","Nemipteridae","Pentapodus","nagasakiensis"
"2021-08_Pt-Cloates_stereo-BRUVs","PCB16","SUS","SUS","sus"
"2021-08_Pt-Cloates_stereo-BRUVs","PCB16","Serranidae","Epinephelus","areolatus"
"2021-08_Pt-Cloates_stereo-BRUVs","PCB2","Carangidae","Carangoides","chrysophrys"
"2021-08_Pt-Cloates_stereo-BRUVs","PCB2","Carangidae","Carangoides","fulvoguttatus"
"2021-08_Pt-Cloates_stereo-BRUVs","PCB2","Carangidae","Carangoides","gymnostethus"
"2021-08_Pt-Cloates_stereo-BRUVs","PCB2","Lethrinidae","Gymnocranius","sp1"
"2021-08_Pt-Cloates_stereo-BRUVs","PCB2","Lethrinidae","Lethrinus","rubrioperculatus"
"2021-08_Pt-Cloates_stereo-BRUVs","PCB2","Lutjanidae","Lutjanus","sebae"
"2021-08_Pt-Cloates_stereo-BRUVs","PCB2","Lutjanidae","Pristipomoides","sp1"
"2021-08_Pt-Cloates_stereo-BRUVs","PCB21","Balistidae","Abalistes","filamentosus"
"2021-08_Pt-Cloates_stereo-BRUVs","PCB21","Carangidae","Carangoides","fulvoguttatus"
"2021-08_Pt-Cloates_stereo-BRUVs","PCB21","Lethrinidae","Lethrinus","ravus"
"2021-08_Pt-Cloates_stereo-BRUVs","PCB21","Lutjanidae","Lutjanus","sebae"
"2021-08_Pt-Cloates_stereo-BRUVs","PCB21","Malacanthidae","Malacanthus","brevirostris"
"2021-08_Pt-Cloates_stereo-BRUVs","PCB25","Acanthuridae","Naso","hexacanthus"
"2021-08_Pt-Cloates_stereo-BRUVs","PCB25","Carangidae","Carangoides","chrysophrys"
"2021-08_Pt-Cloates_stereo-BRUVs","PCB25","Carangidae","Carangoides","fulvoguttatus"
"2021-08_Pt-Cloates_stereo-BRUVs","PCB25","Labridae","Bodianus","solatus"
"2021-08_Pt-Cloates_stereo-BRUVs","PCB25","Lethrinidae","Gymnocranius","sp1"
"2021-08_Pt-Cloates_stereo-BRUVs","PCB25","Lethrinidae","Lethrinus","rubrioperculatus"
"2021-08_Pt-Cloates_stereo-BRUVs","PCB25","Lutjanidae","Aphareus","rutilans"
"2021-08_Pt-Cloates_stereo-BRUVs","PCB25","Lutjanidae","Lutjanus","sebae"
"2021-08_Pt-Cloates_stereo-BRUVs","PCB25","Lutjanidae","Pristipomoides","sp1"
"2021-08_Pt-Cloates_stereo-BRUVs","PCB25","Unknown","Unknown","unknown"
"2021-08_Pt-Cloates_stereo-BRUVs","PCB28","Carangidae","Carangoides","chrysophrys"
"2021-08_Pt-Cloates_stereo-BRUVs","PCB28","Carangidae","Carangoides","fulvoguttatus"
"2021-08_Pt-Cloates_stereo-BRUVs","PCB28","Carangidae","Decapterus","sp1"
"2021-08_Pt-Cloates_stereo-BRUVs","PCB28","Lethrinidae","Gymnocranius","sp1"
"2021-08_Pt-Cloates_stereo-BRUVs","PCB28","Lethrinidae","Lethrinus","rubrioperculatus"
"2021-08_Pt-Cloates_stereo-BRUVs","PCB28","Lutjanidae","Lutjanus","sebae"
"2021-08_Pt-Cloates_stereo-BRUVs","PCB28","Lutjanidae","Pristipomoides","sp1"
"2021-08_Pt-Cloates_stereo-BRUVs","PCB28","Serranidae","Epinephelus","multinotatus"
"2021-08_Pt-Cloates_stereo-BRUVs","PCB28","Unknown","Unknown","unknown"
"2021-08_Pt-Cloates_stereo-BRUVs","PCB29","Carangidae","Carangoides","chrysophrys"
"2021-08_Pt-Cloates_stereo-BRUVs","PCB29","Carangidae","Carangoides","fulvoguttatus"
"2021-08_Pt-Cloates_stereo-BRUVs","PCB29","Carangidae","Carangoides","gymnostethus"
"2021-08_Pt-Cloates_stereo-BRUVs","PCB29","Cirrhitidae","Cirrhitichthys","aprinus"
"2021-08_Pt-Cloates_stereo-BRUVs","PCB29","Labridae","Choerodon","sp1"
"2021-08_Pt-Cloates_stereo-BRUVs","PCB29","Lethrinidae","Gymnocranius","sp1"
"2021-08_Pt-Cloates_stereo-BRUVs","PCB29","Lethrinidae","Lethrinus","olivaceus"
"2021-08_Pt-Cloates_stereo-BRUVs","PCB29","Lutjanidae","Aphareus","rutilans"
"2021-08_Pt-Cloates_stereo-BRUVs","PCB29","Lutjanidae","Lutjanus","sebae"
"2021-08_Pt-Cloates_stereo-BRUVs","PCB29","Malacanthidae","Malacanthus","brevirostris"
"2021-08_Pt-Cloates_stereo-BRUVs","PCB29","Nemipteridae","Pentapodus","nagasakiensis"
"2021-08_Pt-Cloates_stereo-BRUVs","PCB3","Acanthuridae","Naso","fageni"
"2021-08_Pt-Cloates_stereo-BRUVs","PCB3","Carangidae","Carangoides","fulvoguttatus"
"2021-08_Pt-Cloates_stereo-BRUVs","PCB3","Chaetodontidae","Heniochus","acuminatus"
"2021-08_Pt-Cloates_stereo-BRUVs","PCB3","Lethrinidae","Gymnocranius","sp1"
"2021-08_Pt-Cloates_stereo-BRUVs","PCB3","Lethrinidae","Lethrinus","rubrioperculatus"
"2021-08_Pt-Cloates_stereo-BRUVs","PCB3","Lutjanidae","Lutjanus","sebae"
"2021-08_Pt-Cloates_stereo-BRUVs","PCB3","Lutjanidae","Pristipomoides","sp1"
"2021-08_Pt-Cloates_stereo-BRUVs","PCB3","Unknown","Unknown","unknown"
"2021-08_Pt-Cloates_stereo-BRUVs","PCB30","Carangidae","Carangoides","chrysophrys"
"2021-08_Pt-Cloates_stereo-BRUVs","PCB30","Carangidae","Carangoides","fulvoguttatus"
"2021-08_Pt-Cloates_stereo-BRUVs","PCB30","Lethrinidae","Gymnocranius","sp1"
"2021-08_Pt-Cloates_stereo-BRUVs","PCB30","Lutjanidae","Pristipomoides","sp1"
"2021-08_Pt-Cloates_stereo-BRUVs","PCB4","Carangidae","Carangoides","fulvoguttatus"
"2021-08_Pt-Cloates_stereo-BRUVs","PCB4","Lethrinidae","Gymnocranius","sp1"
"2021-08_Pt-Cloates_stereo-BRUVs","PCB4","Lethrinidae","Lethrinus","rubrioperculatus"
"2021-08_Pt-Cloates_stereo-BRUVs","PCB4","Lutjanidae","Lutjanus","sebae"
"2021-08_Pt-Cloates_stereo-BRUVs","PCB4","Serranidae","Epinephelus","areolatus"
"2021-08_Pt-Cloates_stereo-BRUVs","PCB9","Carangidae","Carangoides","chrysophrys"
"2021-08_Pt-Cloates_stereo-BRUVs","PCB9","Lethrinidae","Gymnocranius","sp1"
"2021-08_Pt-Cloates_stereo-BRUVs","PCB9","Lethrinidae","Lethrinus","rubrioperculatus"
"2021-08_Pt-Cloates_stereo-BRUVs","PCB9","Lutjanidae","Lutjanus","sebae"
"2021-08_Pt-Cloates_stereo-BRUVs","PCBP1","Acanthuridae","Naso","fageni"
"2021-08_Pt-Cloates_stereo-BRUVs","PCBP1","Carangidae","Carangoides","fulvoguttatus"
"2021-08_Pt-Cloates_stereo-BRUVs","PCBP1","Chaetodontidae","Heniochus","acuminatus"
"2021-08_Pt-Cloates_stereo-BRUVs","PCBP1","Labridae","Bodianus","solatus"
"2021-08_Pt-Cloates_stereo-BRUVs","PCBP1","Lethrinidae","Gymnocranius","sp1"
"2021-08_Pt-Cloates_stereo-BRUVs","PCBP1","Lethrinidae","Lethrinus","ravus"
"2021-08_Pt-Cloates_stereo-BRUVs","PCBP1","Lethrinidae","Lethrinus","rubrioperculatus"
"2021-08_Pt-Cloates_stereo-BRUVs","PCBP1","Lutjanidae","Lutjanus","lemniscatus"
"2021-08_Pt-Cloates_stereo-BRUVs","PCBP1","Mullidae","Parupeneus","indicus"
"2021-08_Pt-Cloates_stereo-BRUVs","PCBP1","Mullidae","Parupeneus","multifasciatus"
"2021-08_Pt-Cloates_stereo-BRUVs","PCBP1","Pomacanthidae","Apolemichthys","trimaculatus"
"2021-08_Pt-Cloates_stereo-BRUVs","PCBP1","SUS","SUS","sus"
"2021-08_Pt-Cloates_stereo-BRUVs","PCBP1","Serranidae","Cephalopholis","sonnerati"
"2021-08_Pt-Cloates_stereo-BRUVs","PCBP1","Serranidae","Epinephelus","multinotatus"
"2021-08_Pt-Cloates_stereo-BRUVs","PCBP10","Carangidae","Carangoides","fulvoguttatus"
"2021-08_Pt-Cloates_stereo-BRUVs","PCBP10","Lethrinidae","Gymnocranius","sp1"
"2021-08_Pt-Cloates_stereo-BRUVs","PCBP10","Lutjanidae","Aphareus","rutilans"
"2021-08_Pt-Cloates_stereo-BRUVs","PCBP10","Lutjanidae","Lutjanus","sebae"
"2021-08_Pt-Cloates_stereo-BRUVs","PCBP11","Ephippidae","Platax","batavianus"
"2021-08_Pt-Cloates_stereo-BRUVs","PCBP11","Lethrinidae","Gymnocranius","sp1"
"2021-08_Pt-Cloates_stereo-BRUVs","PCBP11","Lethrinidae","Lethrinus","olivaceus"
"2021-08_Pt-Cloates_stereo-BRUVs","PCBP11","Lutjanidae","Lutjanus","sebae"
"2021-08_Pt-Cloates_stereo-BRUVs","PCBP13","Lethrinidae","Gymnocranius","sp1"
"2021-08_Pt-Cloates_stereo-BRUVs","PCBP13","Lethrinidae","Lethrinus","rubrioperculatus"
"2021-08_Pt-Cloates_stereo-BRUVs","PCBP13","Lutjanidae","Lutjanus","sebae"
"2021-08_Pt-Cloates_stereo-BRUVs","PCBP13","Lutjanidae","Pristipomoides","sp1"
"2021-08_Pt-Cloates_stereo-BRUVs","PCBP14","Carangidae","Carangoides","fulvoguttatus"
"2021-08_Pt-Cloates_stereo-BRUVs","PCBP14","Carangidae","Carangoides","gymnostethus"
"2021-08_Pt-Cloates_stereo-BRUVs","PCBP14","Carangidae","Gnathanodon","speciosus"
"2021-08_Pt-Cloates_stereo-BRUVs","PCBP14","Carcharhinidae","Carcharhinus","albimarginatus"
"2021-08_Pt-Cloates_stereo-BRUVs","PCBP14","Lethrinidae","Gymnocranius","sp1"
"2021-08_Pt-Cloates_stereo-BRUVs","PCBP14","Lutjanidae","Lutjanus","sebae"
"2021-08_Pt-Cloates_stereo-BRUVs","PCBP15","Carangidae","Carangoides","chrysophrys"
"2021-08_Pt-Cloates_stereo-BRUVs","PCBP15","Carangidae","Carangoides","fulvoguttatus"
"2021-08_Pt-Cloates_stereo-BRUVs","PCBP15","Lethrinidae","Gymnocranius","sp1"
"2021-08_Pt-Cloates_stereo-BRUVs","PCBP15","Lutjanidae","Aphareus","rutilans"
"2021-08_Pt-Cloates_stereo-BRUVs","PCBP15","Lutjanidae","Lutjanus","sebae"
"2021-08_Pt-Cloates_stereo-BRUVs","PCBP15","Lutjanidae","Pristipomoides","sp1"
"2021-08_Pt-Cloates_stereo-BRUVs","PCBP16","Acanthuridae","Naso","fageni"
"2021-08_Pt-Cloates_stereo-BRUVs","PCBP16","Carangidae","Carangoides","chrysophrys"
"2021-08_Pt-Cloates_stereo-BRUVs","PCBP16","Carangidae","Carangoides","fulvoguttatus"
"2021-08_Pt-Cloates_stereo-BRUVs","PCBP16","Lethrinidae","Gymnocranius","sp1"
"2021-08_Pt-Cloates_stereo-BRUVs","PCBP16","Lethrinidae","Lethrinus","rubrioperculatus"
"2021-08_Pt-Cloates_stereo-BRUVs","PCBP16","Lutjanidae","Aphareus","rutilans"
"2021-08_Pt-Cloates_stereo-BRUVs","PCBP16","Lutjanidae","Lutjanus","sebae"
"2021-08_Pt-Cloates_stereo-BRUVs","PCBP16","Lutjanidae","Pristipomoides","sp1"
"2021-08_Pt-Cloates_stereo-BRUVs","PCBP16","Serranidae","Epinephelus","multinotatus"
"2021-08_Pt-Cloates_stereo-BRUVs","PCBP17","Carangidae","Carangoides","chrysophrys"
"2021-08_Pt-Cloates_stereo-BRUVs","PCBP17","Labridae","Choerodon","sp1"
"2021-08_Pt-Cloates_stereo-BRUVs","PCBP17","Lethrinidae","Gymnocranius","sp1"
"2021-08_Pt-Cloates_stereo-BRUVs","PCBP17","Lethrinidae","Lethrinus","rubrioperculatus"
"2021-08_Pt-Cloates_stereo-BRUVs","PCBP17","Lutjanidae","Pristipomoides","sp1"
"2021-08_Pt-Cloates_stereo-BRUVs","PCBP17","Unknown","Unknown","unknown"
"2021-08_Pt-Cloates_stereo-BRUVs","PCBP18","Carangidae","Carangoides","chrysophrys"
"2021-08_Pt-Cloates_stereo-BRUVs","PCBP18","Labridae","Bodianus","solatus"
"2021-08_Pt-Cloates_stereo-BRUVs","PCBP18","Lethrinidae","Gymnocranius","sp1"
"2021-08_Pt-Cloates_stereo-BRUVs","PCBP18","Lethrinidae","Lethrinus","rubrioperculatus"
"2021-08_Pt-Cloates_stereo-BRUVs","PCBP18","Lutjanidae","Lutjanus","sebae"
"2021-08_Pt-Cloates_stereo-BRUVs","PCBP18","Lutjanidae","Pristipomoides","sp1"
"2021-08_Pt-Cloates_stereo-BRUVs","PCBP18","Triakidae","Hemitriakis","falcata"
"2021-08_Pt-Cloates_stereo-BRUVs","PCBP3","Acanthuridae","Naso","fageni"
"2021-08_Pt-Cloates_stereo-BRUVs","PCBP3","Balistidae","Sufflamen","fraenatum"
"2021-08_Pt-Cloates_stereo-BRUVs","PCBP3","Caesionidae","Pterocaesio","chrysozona"
"2021-08_Pt-Cloates_stereo-BRUVs","PCBP3","Chaetodontidae","Heniochus","acuminatus"
"2021-08_Pt-Cloates_stereo-BRUVs","PCBP3","Labridae","Bodianus","solatus"
"2021-08_Pt-Cloates_stereo-BRUVs","PCBP3","Lethrinidae","Lethrinus","ravus"
"2021-08_Pt-Cloates_stereo-BRUVs","PCBP3","Lethrinidae","Lethrinus","rubrioperculatus"
"2021-08_Pt-Cloates_stereo-BRUVs","PCBP3","Lutjanidae","Pristipomoides","sp1"
"2021-08_Pt-Cloates_stereo-BRUVs","PCBP3","Serranidae","Epinephelus","areolatus"
"2021-08_Pt-Cloates_stereo-BRUVs","PCBP3","Serranidae","Epinephelus","multinotatus"
"2021-08_Pt-Cloates_stereo-BRUVs","PCBP6","Carangidae","Carangoides","chrysophrys"
"2021-08_Pt-Cloates_stereo-BRUVs","PCBP6","Carangidae","Carangoides","fulvoguttatus"
"2021-08_Pt-Cloates_stereo-BRUVs","PCBP6","Carangidae","Carangoides","gymnostethus"
"2021-08_Pt-Cloates_stereo-BRUVs","PCBP6","Lethrinidae","Gymnocranius","sp1"
"2021-08_Pt-Cloates_stereo-BRUVs","PCBP6","Lutjanidae","Aphareus","rutilans"
"2021-08_Pt-Cloates_stereo-BRUVs","PCBP6","Lutjanidae","Aprion","virescens"
"2021-08_Pt-Cloates_stereo-BRUVs","PCBP6","Lutjanidae","Lutjanus","sebae"
"2021-08_Pt-Cloates_stereo-BRUVs","PCBP6","Lutjanidae","Pristipomoides","sp1"
"2021-08_Pt-Cloates_stereo-BRUVs","PCBP6","Serranidae","Epinephelus","multinotatus"
"2021-08_Pt-Cloates_stereo-BRUVs","PCBP7","Balistidae","Abalistes","filamentosus"
"2021-08_Pt-Cloates_stereo-BRUVs","PCBP7","Carangidae","Carangoides","fulvoguttatus"
"2021-08_Pt-Cloates_stereo-BRUVs","PCBP7","Carcharhinidae","Carcharhinus","albimarginatus"
"2021-08_Pt-Cloates_stereo-BRUVs","PCBP7","Lethrinidae","Gymnocranius","sp1"
"2021-08_Pt-Cloates_stereo-BRUVs","PCBP7","Lethrinidae","Lethrinus","olivaceus"
"2021-08_Pt-Cloates_stereo-BRUVs","PCBP7","Lutjanidae","Aphareus","rutilans"
"2021-08_Pt-Cloates_stereo-BRUVs","PCBP7","Lutjanidae","Lutjanus","sebae"
"2021-08_Pt-Cloates_stereo-BRUVs","PCBP7","Unknown","Unknown","unknown"
"2021-08_Pt-Cloates_stereo-BRUVs","PCBP8","Carangidae","Carangoides","chrysophrys"
"2021-08_Pt-Cloates_stereo-BRUVs","PCBP8","Carangidae","Carangoides","fulvoguttatus"
"2021-08_Pt-Cloates_stereo-BRUVs","PCBP8","Carcharhinidae","Carcharhinus","albimarginatus"
"2021-08_Pt-Cloates_stereo-BRUVs","PCBP8","Lethrinidae","Lethrinus","olivaceus"
"2021-08_Pt-Cloates_stereo-BRUVs","PCBP8","Lethrinidae","Lethrinus","ravus"
"2021-08_Pt-Cloates_stereo-BRUVs","PCBP8","Lethrinidae","Lethrinus","rubrioperculatus"
"2021-08_Pt-Cloates_stereo-BRUVs","PCBP8","Lutjanidae","Aphareus","rutilans"
"2021-08_Pt-Cloates_stereo-BRUVs","PCBP8","Lutjanidae","Lutjanus","sebae"
"2021-08_Pt-Cloates_stereo-BRUVs","PCBP8","Serranidae","Epinephelus","multinotatus"
"2021-08_Pt-Cloates_stereo-BRUVs","PCBP9","Carangidae","Carangoides","chrysophrys"
"2021-08_Pt-Cloates_stereo-BRUVs","PCBP9","Carangidae","Carangoides","fulvoguttatus"
"2021-08_Pt-Cloates_stereo-BRUVs","PCBP9","Carangidae","Gnathanodon","speciosus"
"2021-08_Pt-Cloates_stereo-BRUVs","PCBP9","Carcharhinidae","Carcharhinus","albimarginatus"
"2021-08_Pt-Cloates_stereo-BRUVs","PCBP9","Lethrinidae","Lethrinus","rubrioperculatus"
"2021-08_Pt-Cloates_stereo-BRUVs","PCBP9","Lutjanidae","Aphareus","rutilans"
"2021-08_Pt-Cloates_stereo-BRUVs","PCBP9","Lutjanidae","Lutjanus","sebae"
"2021-08_Pt-Cloates_stereo-BRUVs","PCBP9","Sphyraenidae","Sphyraena","qenie"
"2021-08_Pt-Cloates_stereo-BRUVs","PCBRUV1","Balistidae","Abalistes","filamentosus"
"2021-08_Pt-Cloates_stereo-BRUVs","PCBRUV1","Balistidae","Sufflamen","fraenatum"
"2021-08_Pt-Cloates_stereo-BRUVs","PCBRUV1","Carangidae","Carangoides","fulvoguttatus"
"2021-08_Pt-Cloates_stereo-BRUVs","PCBRUV1","Carcharhinidae","Carcharhinus","albimarginatus"
"2021-08_Pt-Cloates_stereo-BRUVs","PCBRUV1","Labridae","Bodianus","solatus"
"2021-08_Pt-Cloates_stereo-BRUVs","PCBRUV1","Lethrinidae","Gymnocranius","sp1"
"2021-08_Pt-Cloates_stereo-BRUVs","PCBRUV1","Lethrinidae","Lethrinus","olivaceus"
"2021-08_Pt-Cloates_stereo-BRUVs","PCBRUV1","Lethrinidae","Lethrinus","rubrioperculatus"
"2021-08_Pt-Cloates_stereo-BRUVs","PCBRUV1","Lutjanidae","Lutjanus","sebae"
"2021-08_Pt-Cloates_stereo-BRUVs","PCBRUV1","Lutjanidae","Pristipomoides","sp1"
"2021-08_Pt-Cloates_stereo-BRUVs","PCBRUV14","Acanthuridae","Naso","fageni"
"2021-08_Pt-Cloates_stereo-BRUVs","PCBRUV14","Lethrinidae","Gymnocranius","sp1"
"2021-08_Pt-Cloates_stereo-BRUVs","PCBRUV14","Lethrinidae","Lethrinus","rubrioperculatus"
"2021-08_Pt-Cloates_stereo-BRUVs","PCBRUV14","Lutjanidae","Pristipomoides","sp1"
"2021-08_Pt-Cloates_stereo-BRUVs","PCBRUV14","Serranidae","Epinephelus","multinotatus"
"2021-08_Pt-Cloates_stereo-BRUVs","PCBRUV14","Unknown","Unknown","unknown"
"2021-08_Pt-Cloates_stereo-BRUVs","PCBRUV15","Balistidae","Sufflamen","fraenatum"
"2021-08_Pt-Cloates_stereo-BRUVs","PCBRUV15","Carangidae","Carangoides","fulvoguttatus"
"2021-08_Pt-Cloates_stereo-BRUVs","PCBRUV15","Labridae","Bodianus","solatus"
"2021-08_Pt-Cloates_stereo-BRUVs","PCBRUV15","Lethrinidae","Gymnocranius","sp1"
"2021-08_Pt-Cloates_stereo-BRUVs","PCBRUV15","Lethrinidae","Lethrinus","rubrioperculatus"
"2021-08_Pt-Cloates_stereo-BRUVs","PCBRUV15","Lutjanidae","Pristipomoides","sp1"
"2021-08_Pt-Cloates_stereo-BRUVs","PCBRUV15","Serranidae","Epinephelus","areolatus"
"2021-08_Pt-Cloates_stereo-BRUVs","PCBRUV18","Acanthuridae","Naso","fageni"
"2021-08_Pt-Cloates_stereo-BRUVs","PCBRUV18","Balistidae","Abalistes","filamentosus"
"2021-08_Pt-Cloates_stereo-BRUVs","PCBRUV18","Carcharhinidae","Carcharhinus","albimarginatus"
"2021-08_Pt-Cloates_stereo-BRUVs","PCBRUV18","Cirrhitidae","Cyprinocirrhites","polyactis"
"2021-08_Pt-Cloates_stereo-BRUVs","PCBRUV18","Lethrinidae","Gymnocranius","sp1"
"2021-08_Pt-Cloates_stereo-BRUVs","PCBRUV18","Lethrinidae","Lethrinus","rubrioperculatus"
"2021-08_Pt-Cloates_stereo-BRUVs","PCBRUV18","Lethrinidae","Unknown","sp"
"2021-08_Pt-Cloates_stereo-BRUVs","PCBRUV18","Lutjanidae","Aprion","virescens"
"2021-08_Pt-Cloates_stereo-BRUVs","PCBRUV18","Lutjanidae","Lutjanus","sebae"
"2021-08_Pt-Cloates_stereo-BRUVs","PCBRUV18","Lutjanidae","Pristipomoides","sp1"
"2021-08_Pt-Cloates_stereo-BRUVs","PCBRUV18","Unknown","Unknown","unknown"
"2021-08_Pt-Cloates_stereo-BRUVs","PCBRUV19","Balistidae","Sufflamen","fraenatum"
"2021-08_Pt-Cloates_stereo-BRUVs","PCBRUV19","Caesionidae","Caesio","teres"
"2021-08_Pt-Cloates_stereo-BRUVs","PCBRUV19","Chaetodontidae","Heniochus","diphreutes"
"2021-08_Pt-Cloates_stereo-BRUVs","PCBRUV19","Labridae","Bodianus","solatus"
"2021-08_Pt-Cloates_stereo-BRUVs","PCBRUV19","Lethrinidae","Lethrinus","ravus"
"2021-08_Pt-Cloates_stereo-BRUVs","PCBRUV19","Lethrinidae","Lethrinus","rubrioperculatus"
"2021-08_Pt-Cloates_stereo-BRUVs","PCBRUV19","Lutjanidae","Aphareus","rutilans"
"2021-08_Pt-Cloates_stereo-BRUVs","PCBRUV19","Lutjanidae","Lutjanus","quinquelineatus"
"2021-08_Pt-Cloates_stereo-BRUVs","PCBRUV19","Lutjanidae","Lutjanus","sebae"
"2021-08_Pt-Cloates_stereo-BRUVs","PCBRUV19","Lutjanidae","Lutjanus","vitta"
"2021-08_Pt-Cloates_stereo-BRUVs","PCBRUV19","Pomacanthidae","Apolemichthys","trimaculatus"
"2021-08_Pt-Cloates_stereo-BRUVs","PCBRUV19","Pomacanthidae","Pomacanthus","imperator"
"2021-08_Pt-Cloates_stereo-BRUVs","PCBRUV19","SUS","SUS","sus"
"2021-08_Pt-Cloates_stereo-BRUVs","PCBRUV19","Serranidae","Epinephelus","tukula"
"2021-08_Pt-Cloates_stereo-BRUVs","PCBRUV19","Serranidae","Variola","louti"
"2021-08_Pt-Cloates_stereo-BRUVs","PCBRUV19","Unknown","Unknown","unknown"
"2021-08_Pt-Cloates_stereo-BRUVs","PCBRUV20","Acanthuridae","Naso","fageni"
"2021-08_Pt-Cloates_stereo-BRUVs","PCBRUV20","Balistidae","Abalistes","filamentosus"
"2021-08_Pt-Cloates_stereo-BRUVs","PCBRUV20","Balistidae","Sufflamen","fraenatum"
"2021-08_Pt-Cloates_stereo-BRUVs","PCBRUV20","Carangidae","Carangoides","fulvoguttatus"
"2021-08_Pt-Cloates_stereo-BRUVs","PCBRUV20","Carangidae","Carangoides","gymnostethus"
"2021-08_Pt-Cloates_stereo-BRUVs","PCBRUV20","Carangidae","Carangoides","sp10"
"2021-08_Pt-Cloates_stereo-BRUVs","PCBRUV20","Carangidae","Gnathanodon","speciosus"
"2021-08_Pt-Cloates_stereo-BRUVs","PCBRUV20","Lethrinidae","Lethrinus","rubrioperculatus"
"2021-08_Pt-Cloates_stereo-BRUVs","PCBRUV20","Lutjanidae","Aprion","virescens"
"2021-08_Pt-Cloates_stereo-BRUVs","PCBRUV20","Lutjanidae","Lutjanus","sebae"
"2021-08_Pt-Cloates_stereo-BRUVs","PCBRUV20","Lutjanidae","Pristipomoides","sp1"
"2021-08_Pt-Cloates_stereo-BRUVs","PCBRUV20","Nemipteridae","Pentapodus","nagasakiensis"
"2021-08_Pt-Cloates_stereo-BRUVs","PCBRUV20","Unknown","Unknown","unknown"
"2021-08_Pt-Cloates_stereo-BRUVs","PCBRUV22","Balistidae","Abalistes","filamentosus"
"2021-08_Pt-Cloates_stereo-BRUVs","PCBRUV22","Carangidae","Carangoides","chrysophrys"
"2021-08_Pt-Cloates_stereo-BRUVs","PCBRUV22","Carangidae","Carangoides","fulvoguttatus"
"2021-08_Pt-Cloates_stereo-BRUVs","PCBRUV22","Carcharhinidae","Carcharhinus","albimarginatus"
"2021-08_Pt-Cloates_stereo-BRUVs","PCBRUV22","Lethrinidae","Gymnocranius","sp1"
"2021-08_Pt-Cloates_stereo-BRUVs","PCBRUV22","Lutjanidae","Pristipomoides","sp1"
"2021-08_Pt-Cloates_stereo-BRUVs","PCBRUV22","Unknown","Unknown","unknown"
"2021-08_Pt-Cloates_stereo-BRUVs","PCBRUV23","Acanthuridae","Naso","fageni"
"2021-08_Pt-Cloates_stereo-BRUVs","PCBRUV23","Carangidae","Carangoides","caeruleopinnatus"
"2021-08_Pt-Cloates_stereo-BRUVs","PCBRUV23","Carangidae","Carangoides","chrysophrys"
"2021-08_Pt-Cloates_stereo-BRUVs","PCBRUV23","Carangidae","Carangoides","fulvoguttatus"
"2021-08_Pt-Cloates_stereo-BRUVs","PCBRUV23","Lethrinidae","Gymnocranius","sp1"
"2021-08_Pt-Cloates_stereo-BRUVs","PCBRUV23","Lutjanidae","Aphareus","rutilans"
"2021-08_Pt-Cloates_stereo-BRUVs","PCBRUV23","Lutjanidae","Pristipomoides","sp1"
"2021-08_Pt-Cloates_stereo-BRUVs","PCBRUV23","Unknown","Unknown","unknown"
"2021-08_Pt-Cloates_stereo-BRUVs","PCBRUV24","Balistidae","Abalistes","filamentosus"
"2021-08_Pt-Cloates_stereo-BRUVs","PCBRUV24","Balistidae","Sufflamen","fraenatum"
"2021-08_Pt-Cloates_stereo-BRUVs","PCBRUV24","Carangidae","Carangoides","fulvoguttatus"
"2021-08_Pt-Cloates_stereo-BRUVs","PCBRUV24","Carangidae","Carangoides","gymnostethus"
"2021-08_Pt-Cloates_stereo-BRUVs","PCBRUV24","Carangidae","Gnathanodon","speciosus"
"2021-08_Pt-Cloates_stereo-BRUVs","PCBRUV24","Labridae","Choerodon","sp1"
"2021-08_Pt-Cloates_stereo-BRUVs","PCBRUV24","Lethrinidae","Gymnocranius","sp1"
"2021-08_Pt-Cloates_stereo-BRUVs","PCBRUV24","Lethrinidae","Lethrinus","olivaceus"
"2021-08_Pt-Cloates_stereo-BRUVs","PCBRUV24","Lethrinidae","Lethrinus","rubrioperculatus"
"2021-08_Pt-Cloates_stereo-BRUVs","PCBRUV24","Lutjanidae","Aphareus","rutilans"
"2021-08_Pt-Cloates_stereo-BRUVs","PCBRUV24","Lutjanidae","Lutjanus","sebae"
"2021-08_Pt-Cloates_stereo-BRUVs","PCBRUV24","Lutjanidae","Pristipomoides","sp1"
"2021-08_Pt-Cloates_stereo-BRUVs","PCBRUV24","Malacanthidae","Malacanthus","brevirostris"
"2021-08_Pt-Cloates_stereo-BRUVs","PCBRUV24","SUS","SUS","sus"
"2021-08_Pt-Cloates_stereo-BRUVs","PCBRUV26","Acanthuridae","Naso","fageni"
"2021-08_Pt-Cloates_stereo-BRUVs","PCBRUV26","Carangidae","Carangoides","chrysophrys"
"2021-08_Pt-Cloates_stereo-BRUVs","PCBRUV26","Carcharhinidae","Carcharhinus","albimarginatus"
"2021-08_Pt-Cloates_stereo-BRUVs","PCBRUV26","Lethrinidae","Gymnocranius","sp1"
"2021-08_Pt-Cloates_stereo-BRUVs","PCBRUV26","Lethrinidae","Lethrinus","rubrioperculatus"
"2021-08_Pt-Cloates_stereo-BRUVs","PCBRUV26","Lutjanidae","Lutjanus","sebae"
"2021-08_Pt-Cloates_stereo-BRUVs","PCBRUV26","Lutjanidae","Pristipomoides","sp1"
"2021-08_Pt-Cloates_stereo-BRUVs","PCBRUV26","Serranidae","Epinephelus","multinotatus"
"2021-08_Pt-Cloates_stereo-BRUVs","PCBRUV27","Acanthuridae","Naso","fageni"
"2021-08_Pt-Cloates_stereo-BRUVs","PCBRUV27","Balistidae","Sufflamen","fraenatum"
"2021-08_Pt-Cloates_stereo-BRUVs","PCBRUV27","Carangidae","Carangoides","fulvoguttatus"
"2021-08_Pt-Cloates_stereo-BRUVs","PCBRUV27","Carangidae","Gnathanodon","speciosus"
"2021-08_Pt-Cloates_stereo-BRUVs","PCBRUV27","Labridae","Bodianus","solatus"
"2021-08_Pt-Cloates_stereo-BRUVs","PCBRUV27","Lethrinidae","Gymnocranius","sp1"
"2021-08_Pt-Cloates_stereo-BRUVs","PCBRUV27","Lethrinidae","Lethrinus","olivaceus"
"2021-08_Pt-Cloates_stereo-BRUVs","PCBRUV27","Lethrinidae","Lethrinus","rubrioperculatus"
"2021-08_Pt-Cloates_stereo-BRUVs","PCBRUV27","Serranidae","Epinephelus","areolatus"
"2021-08_Pt-Cloates_stereo-BRUVs","PCBRUV27","Unknown","Unknown","unknown"
"2021-08_Pt-Cloates_stereo-BRUVs","PCBRUV5","Acanthuridae","Naso","fageni"
"2021-08_Pt-Cloates_stereo-BRUVs","PCBRUV5","Carangidae","Carangoides","chrysophrys"
"2021-08_Pt-Cloates_stereo-BRUVs","PCBRUV5","Lethrinidae","Gymnocranius","sp1"
"2021-08_Pt-Cloates_stereo-BRUVs","PCBRUV5","Malacanthidae","Malacanthus","brevirostris"
"2021-08_Pt-Cloates_stereo-BRUVs","PCBRUV5","Nemipteridae","Pentapodus","nagasakiensis"
"2021-08_Pt-Cloates_stereo-BRUVs","PCBRUV5","Unknown","Unknown","unknown"
"2021-08_Pt-Cloates_stereo-BRUVs","PCBRUV7","Acanthuridae","Naso","fageni"
"2021-08_Pt-Cloates_stereo-BRUVs","PCBRUV7","Carangidae","Carangoides","fulvoguttatus"
"2021-08_Pt-Cloates_stereo-BRUVs","PCBRUV7","Chaetodontidae","Heniochus","acuminatus"
"2021-08_Pt-Cloates_stereo-BRUVs","PCBRUV7","Lethrinidae","Gymnocranius","sp1"
"2021-08_Pt-Cloates_stereo-BRUVs","PCBRUV7","Lethrinidae","Lethrinus","rubrioperculatus"
"2021-08_Pt-Cloates_stereo-BRUVs","PCBRUV7","Lutjanidae","Pristipomoides","sp1"
"2021-08_Pt-Cloates_stereo-BRUVs","PCBRUV7","Serranidae","Epinephelus","areolatus"
"2021-08_Pt-Cloates_stereo-BRUVs","PCBRUV7","Serranidae","Epinephelus","multinotatus"
"2021-08_Pt-Cloates_stereo-BRUVs","PCBRUV8","Acanthuridae","Naso","fageni"
"2021-08_Pt-Cloates_stereo-BRUVs","PCBRUV8","Balistidae","Abalistes","filamentosus"
"2021-08_Pt-Cloates_stereo-BRUVs","PCBRUV8","Balistidae","Sufflamen","fraenatum"
"2021-08_Pt-Cloates_stereo-BRUVs","PCBRUV8","Carangidae","Carangoides","fulvoguttatus"
"2021-08_Pt-Cloates_stereo-BRUVs","PCBRUV8","Carangidae","Caranx","sp"
"2021-08_Pt-Cloates_stereo-BRUVs","PCBRUV8","Carangidae","Seriolina","nigrofasciata"
"2021-08_Pt-Cloates_stereo-BRUVs","PCBRUV8","Labridae","Bodianus","solatus"
"2021-08_Pt-Cloates_stereo-BRUVs","PCBRUV8","Lethrinidae","Gymnocranius","sp1"
"2021-08_Pt-Cloates_stereo-BRUVs","PCBRUV8","Lethrinidae","Lethrinus","olivaceus"
"2021-08_Pt-Cloates_stereo-BRUVs","PCBRUV8","Lethrinidae","Lethrinus","rubrioperculatus"
"2021-08_Pt-Cloates_stereo-BRUVs","PCBRUV8","Lutjanidae","Paracaesio","sp"
"2021-08_Pt-Cloates_stereo-BRUVs","PCBRUV8","Lutjanidae","Pristipomoides","sp1"
"2021-08_Pt-Cloates_stereo-BRUVs","PCBRUV8","Pomacanthidae","Pomacanthus","imperator"
"2021-08_Pt-Cloates_stereo-BRUVs","PCBRUV8","Unknown","Unknown","unknown"
"2021-08_Pt-Cloates_stereo-BRUVs","PCPREF12","Acanthuridae","Naso","fageni"
"2021-08_Pt-Cloates_stereo-BRUVs","PCPREF12","Carangidae","Carangoides","fulvoguttatus"
"2021-08_Pt-Cloates_stereo-BRUVs","PCPREF12","Carcharhinidae","Carcharhinus","albimarginatus"
"2021-08_Pt-Cloates_stereo-BRUVs","PCPREF12","Labridae","Bodianus","solatus"
"2021-08_Pt-Cloates_stereo-BRUVs","PCPREF12","Lethrinidae","Gymnocranius","sp1"
"2021-08_Pt-Cloates_stereo-BRUVs","PCPREF12","Lethrinidae","Lethrinus","rubrioperculatus"
"2021-08_Pt-Cloates_stereo-BRUVs","PCPREF12","Lutjanidae","Lutjanus","sebae"
"2021-08_Pt-Cloates_stereo-BRUVs","PCPREF12","Serranidae","Epinephelus","areolatus"
"2021-08_Pt-Cloates_stereo-BRUVs","PCPREF12","Serranidae","Epinephelus","multinotatus"
"2021-08_Pt-Cloates_stereo-BRUVs","PCPREF12","Unknown","Unknown","unknown"
"2021-08_Pt-Cloates_stereo-BRUVs","PCPREF2","Acanthuridae","Naso","fageni"
"2021-08_Pt-Cloates_stereo-BRUVs","PCPREF2","Balistidae","Abalistes","filamentosus"
"2021-08_Pt-Cloates_stereo-BRUVs","PCPREF2","Balistidae","Sufflamen","fraenatum"
"2021-08_Pt-Cloates_stereo-BRUVs","PCPREF2","Carangidae","Carangoides","fulvoguttatus"
"2021-08_Pt-Cloates_stereo-BRUVs","PCPREF2","Labridae","Bodianus","solatus"
"2021-08_Pt-Cloates_stereo-BRUVs","PCPREF2","Lethrinidae","Gymnocranius","sp1"
"2021-08_Pt-Cloates_stereo-BRUVs","PCPREF2","Lethrinidae","Lethrinus","olivaceus"
"2021-08_Pt-Cloates_stereo-BRUVs","PCPREF2","Lethrinidae","Lethrinus","rubrioperculatus"
"2021-08_Pt-Cloates_stereo-BRUVs","PCPREF2","Lutjanidae","Lutjanus","sebae"
"2021-08_Pt-Cloates_stereo-BRUVs","PCPREF2","Lutjanidae","Pristipomoides","sp1"
"2021-08_Pt-Cloates_stereo-BRUVs","PCPREF2","Serranidae","Epinephelus","areolatus"
"2021-08_Pt-Cloates_stereo-BRUVs","PCPREF2","Serranidae","Variola","louti"
"2021-08_Pt-Cloates_stereo-BRUVs","PCPREF2","Unknown","Unknown","unknown"
"2021-08_Pt-Cloates_stereo-BRUVs","PCPREF4","Acanthuridae","Naso","fageni"
"2021-08_Pt-Cloates_stereo-BRUVs","PCPREF4","Balistidae","Sufflamen","fraenatum"
"2021-08_Pt-Cloates_stereo-BRUVs","PCPREF4","Carangidae","Carangoides","fulvoguttatus"
"2021-08_Pt-Cloates_stereo-BRUVs","PCPREF4","Carcharhinidae","Carcharhinus","albimarginatus"
"2021-08_Pt-Cloates_stereo-BRUVs","PCPREF4","Labridae","Bodianus","solatus"
"2021-08_Pt-Cloates_stereo-BRUVs","PCPREF4","Lethrinidae","Gymnocranius","sp1"
"2021-08_Pt-Cloates_stereo-BRUVs","PCPREF4","Lethrinidae","Lethrinus","olivaceus"
"2021-08_Pt-Cloates_stereo-BRUVs","PCPREF4","Lethrinidae","Lethrinus","ravus"
"2021-08_Pt-Cloates_stereo-BRUVs","PCPREF4","Lethrinidae","Lethrinus","rubrioperculatus"
"2021-08_Pt-Cloates_stereo-BRUVs","PCPREF4","Lutjanidae","Pristipomoides","sp1"
"2021-08_Pt-Cloates_stereo-BRUVs","PCPREF4","Mullidae","Parupeneus","cyclostomus"
"2021-08_Pt-Cloates_stereo-BRUVs","PCPREF4","SUS","SUS","sus"
"2021-08_Pt-Cloates_stereo-BRUVs","PCPREF5","Acanthuridae","Naso","fageni"
"2021-08_Pt-Cloates_stereo-BRUVs","PCPREF5","Balistidae","Sufflamen","fraenatum"
"2021-08_Pt-Cloates_stereo-BRUVs","PCPREF5","Carangidae","Carangoides","fulvoguttatus"
"2021-08_Pt-Cloates_stereo-BRUVs","PCPREF5","Chaetodontidae","Heniochus","acuminatus"
"2021-08_Pt-Cloates_stereo-BRUVs","PCPREF5","Cirrhitidae","Cyprinocirrhites","polyactis"
"2021-08_Pt-Cloates_stereo-BRUVs","PCPREF5","Fistulariidae","Fistularia","commersonii"
"2021-08_Pt-Cloates_stereo-BRUVs","PCPREF5","Labridae","Bodianus","solatus"
"2021-08_Pt-Cloates_stereo-BRUVs","PCPREF5","Lethrinidae","Lethrinus","olivaceus"
"2021-08_Pt-Cloates_stereo-BRUVs","PCPREF5","Lethrinidae","Lethrinus","ravus"
"2021-08_Pt-Cloates_stereo-BRUVs","PCPREF5","Lethrinidae","Lethrinus","rubrioperculatus"
"2021-08_Pt-Cloates_stereo-BRUVs","PCPREF5","Lutjanidae","Aprion","virescens"
"2021-08_Pt-Cloates_stereo-BRUVs","PCPREF5","Mullidae","Parupeneus","indicus"
"2021-08_Pt-Cloates_stereo-BRUVs","PCPREF5","Pomacanthidae","Apolemichthys","trimaculatus"
"2021-08_Pt-Cloates_stereo-BRUVs","PCPREF5","Unknown","Unknown","unknown"
"2022-05_PtCloates_stereo-BRUVS","1","Balistidae","Abalistes","filamentosus"
"2022-05_PtCloates_stereo-BRUVS","1","Carangidae","Carangoides","fulvoguttatus"
"2022-05_PtCloates_stereo-BRUVS","1","Lethrinidae","Gymnocranius","sp1"
"2022-05_PtCloates_stereo-BRUVS","1","Lethrinidae","Lethrinus","rubrioperculatus"
"2022-05_PtCloates_stereo-BRUVS","1","Lutjanidae","Pristipomoides","sp1"
"2022-05_PtCloates_stereo-BRUVS","1","SUS","SUS","sus"
"2022-05_PtCloates_stereo-BRUVS","11","Carangidae","Carangoides","gymnostethus"
"2022-05_PtCloates_stereo-BRUVS","11","Carcharhinidae","Carcharhinus","albimarginatus"
"2022-05_PtCloates_stereo-BRUVS","11","Lethrinidae","Gymnocranius","sp1"
"2022-05_PtCloates_stereo-BRUVS","11","Lethrinidae","Lethrinus","rubrioperculatus"
"2022-05_PtCloates_stereo-BRUVS","11","SUS","SUS","sus"
"2022-05_PtCloates_stereo-BRUVS","12","Balistidae","Abalistes","stellatus"
"2022-05_PtCloates_stereo-BRUVS","12","Carangidae","Carangoides","fulvoguttatus"
"2022-05_PtCloates_stereo-BRUVS","12","Labridae","Choerodon","sp1"
"2022-05_PtCloates_stereo-BRUVS","12","Lethrinidae","Gymnocranius","sp1"
"2022-05_PtCloates_stereo-BRUVS","12","Lethrinidae","Lethrinus","rubrioperculatus"
"2022-05_PtCloates_stereo-BRUVS","12","Lutjanidae","Lutjanus","sebae"
"2022-05_PtCloates_stereo-BRUVS","12","Lutjanidae","Pristipomoides","sp1"
"2022-05_PtCloates_stereo-BRUVS","12","Nemipteridae","Pentapodus","nagasakiensis"
"2022-05_PtCloates_stereo-BRUVS","12","SUS","SUS","sus"
"2022-05_PtCloates_stereo-BRUVS","13","Carangidae","Carangoides","chrysophrys"
"2022-05_PtCloates_stereo-BRUVS","13","Cirrhitidae","Cirrhitichthys","aprinus"
"2022-05_PtCloates_stereo-BRUVS","13","Lethrinidae","Gymnocranius","sp1"
"2022-05_PtCloates_stereo-BRUVS","13","Lethrinidae","Lethrinus","rubrioperculatus"
"2022-05_PtCloates_stereo-BRUVS","13","Lutjanidae","Lutjanus","sebae"
"2022-05_PtCloates_stereo-BRUVS","13","Lutjanidae","Pristipomoides","sp1"
"2022-05_PtCloates_stereo-BRUVS","14","Carangidae","Carangoides","chrysophrys"
"2022-05_PtCloates_stereo-BRUVS","14","Lethrinidae","Gymnocranius","sp1"
"2022-05_PtCloates_stereo-BRUVS","14","Lethrinidae","Lethrinus","rubrioperculatus"
"2022-05_PtCloates_stereo-BRUVS","14","Lutjanidae","Pristipomoides","sp1"
"2022-05_PtCloates_stereo-BRUVS","15","Carangidae","Carangoides","chrysophrys"
"2022-05_PtCloates_stereo-BRUVS","15","Carangidae","Carangoides","gymnostethus"
"2022-05_PtCloates_stereo-BRUVS","15","Carangidae","Gnathanodon","speciosus"
"2022-05_PtCloates_stereo-BRUVS","15","Lethrinidae","Gymnocranius","sp1"
"2022-05_PtCloates_stereo-BRUVS","15","Lethrinidae","Lethrinus","rubrioperculatus"
"2022-05_PtCloates_stereo-BRUVS","15","Lutjanidae","Aphareus","rutilans"
"2022-05_PtCloates_stereo-BRUVS","15","Lutjanidae","Pristipomoides","sp1"
"2022-05_PtCloates_stereo-BRUVS","16","Balistidae","Abalistes","filamentosus"
"2022-05_PtCloates_stereo-BRUVS","16","Carangidae","Carangoides","chrysophrys"
"2022-05_PtCloates_stereo-BRUVS","16","Carangidae","Carangoides","fulvoguttatus"
"2022-05_PtCloates_stereo-BRUVS","16","Carangidae","Carangoides","gymnostethus"
"2022-05_PtCloates_stereo-BRUVS","16","Lethrinidae","Gymnocranius","sp1"
"2022-05_PtCloates_stereo-BRUVS","16","Lethrinidae","Lethrinus","rubrioperculatus"
"2022-05_PtCloates_stereo-BRUVS","16","Lutjanidae","Pristipomoides","sp1"
"2022-05_PtCloates_stereo-BRUVS","16","Rhynchobatidae","Rhynchobatus","laevis"
"2022-05_PtCloates_stereo-BRUVS","16","Triakidae","Mustelus","stevensi"
"2022-05_PtCloates_stereo-BRUVS","17","Acanthuridae","Naso","fageni"
"2022-05_PtCloates_stereo-BRUVS","17","Carangidae","Carangoides","fulvoguttatus"
"2022-05_PtCloates_stereo-BRUVS","17","Cirrhitidae","Cirrhitichthys","aprinus"
"2022-05_PtCloates_stereo-BRUVS","17","Cirrhitidae","Paracirrhites","forsteri"
"2022-05_PtCloates_stereo-BRUVS","17","Lethrinidae","Gymnocranius","sp1"
"2022-05_PtCloates_stereo-BRUVS","17","Lethrinidae","Lethrinus","rubrioperculatus"
"2022-05_PtCloates_stereo-BRUVS","17","Mullidae","Upeneus","moluccensis"
"2022-05_PtCloates_stereo-BRUVS","17","Nemipteridae","Pentapodus","nagasakiensis"
"2022-05_PtCloates_stereo-BRUVS","17","SUS","SUS","sus"
"2022-05_PtCloates_stereo-BRUVS","18","Carangidae","Carangoides","chrysophrys"
"2022-05_PtCloates_stereo-BRUVS","18","Carangidae","Carangoides","fulvoguttatus"
"2022-05_PtCloates_stereo-BRUVS","18","Labridae","Coris","caudimacula"
"2022-05_PtCloates_stereo-BRUVS","18","Lethrinidae","Gymnocranius","sp1"
"2022-05_PtCloates_stereo-BRUVS","18","Lethrinidae","Lethrinus","rubrioperculatus"
"2022-05_PtCloates_stereo-BRUVS","18","Lutjanidae","Lutjanus","sebae"
"2022-05_PtCloates_stereo-BRUVS","18","Lutjanidae","Pristipomoides","sp1"
"2022-05_PtCloates_stereo-BRUVS","18","Nemipteridae","Pentapodus","nagasakiensis"
"2022-05_PtCloates_stereo-BRUVS","19","Carangidae","Carangoides","chrysophrys"
"2022-05_PtCloates_stereo-BRUVS","19","Carcharhinidae","Carcharhinus","albimarginatus"
"2022-05_PtCloates_stereo-BRUVS","19","Chaetodontidae","Heniochus","acuminatus"
"2022-05_PtCloates_stereo-BRUVS","19","Lethrinidae","Lethrinus","rubrioperculatus"
"2022-05_PtCloates_stereo-BRUVS","19","Nemipteridae","Pentapodus","nagasakiensis"
"2022-05_PtCloates_stereo-BRUVS","19","Unknown","Unknown","unknown"
"2022-05_PtCloates_stereo-BRUVS","2","Acanthuridae","Naso","fageni"
"2022-05_PtCloates_stereo-BRUVS","2","Balistidae","Pseudobalistes","fuscus"
"2022-05_PtCloates_stereo-BRUVS","2","Balistidae","Sufflamen","fraenatum"
"2022-05_PtCloates_stereo-BRUVS","2","Carangidae","Carangoides","chrysophrys"
"2022-05_PtCloates_stereo-BRUVS","2","Carcharhinidae","Carcharhinus","albimarginatus"
"2022-05_PtCloates_stereo-BRUVS","2","Chaetodontidae","Heniochus","acuminatus"
"2022-05_PtCloates_stereo-BRUVS","2","Cirrhitidae","Paracirrhites","forsteri"
"2022-05_PtCloates_stereo-BRUVS","2","Labridae","Bodianus","solatus"
"2022-05_PtCloates_stereo-BRUVS","2","Lethrinidae","Gymnocranius","sp1"
"2022-05_PtCloates_stereo-BRUVS","2","Lethrinidae","Lethrinus","rubrioperculatus"
"2022-05_PtCloates_stereo-BRUVS","2","Malacanthidae","Malacanthus","brevirostris"
"2022-05_PtCloates_stereo-BRUVS","2","Malacanthidae","Malacanthus","latovittatus"
"2022-05_PtCloates_stereo-BRUVS","2","Pomacanthidae","Apolemichthys","trimaculatus"
"2022-05_PtCloates_stereo-BRUVS","2","Pomacanthidae","Pomacanthus","imperator"
"2022-05_PtCloates_stereo-BRUVS","2","Scaridae","Scarus","sp3"
"2022-05_PtCloates_stereo-BRUVS","2","Serranidae","Pseudanthias","georgei"
"2022-05_PtCloates_stereo-BRUVS","2","Serranidae","Variola","louti"
"2022-05_PtCloates_stereo-BRUVS","2","Tetraodontidae","Arothron","stellatus"
"2022-05_PtCloates_stereo-BRUVS","20","Carangidae","Carangoides","chrysophrys"
"2022-05_PtCloates_stereo-BRUVS","20","Carangidae","Carangoides","fulvoguttatus"
"2022-05_PtCloates_stereo-BRUVS","20","Carangidae","Carangoides","gymnostethus"
"2022-05_PtCloates_stereo-BRUVS","20","Carangidae","Unknown","sp10"
"2022-05_PtCloates_stereo-BRUVS","20","Carcharhinidae","Loxodon","macrorhinus"
"2022-05_PtCloates_stereo-BRUVS","20","Labridae","Choerodon","sp1"
"2022-05_PtCloates_stereo-BRUVS","20","Lethrinidae","Gymnocranius","sp1"
"2022-05_PtCloates_stereo-BRUVS","20","Lethrinidae","Lethrinus","rubrioperculatus"
"2022-05_PtCloates_stereo-BRUVS","20","Nemipteridae","Pentapodus","nagasakiensis"
"2022-05_PtCloates_stereo-BRUVS","20","Stegostomatidae","Stegostoma","fasciatum"
"2022-05_PtCloates_stereo-BRUVS","21","Carangidae","Carangoides","chrysophrys"
"2022-05_PtCloates_stereo-BRUVS","21","Carcharhinidae","Carcharhinus","albimarginatus"
"2022-05_PtCloates_stereo-BRUVS","21","Labridae","Choerodon","sp1"
"2022-05_PtCloates_stereo-BRUVS","21","Lethrinidae","Gymnocranius","sp1"
"2022-05_PtCloates_stereo-BRUVS","21","Lethrinidae","Lethrinus","rubrioperculatus"
"2022-05_PtCloates_stereo-BRUVS","21","Nemipteridae","Pentapodus","nagasakiensis"
"2022-05_PtCloates_stereo-BRUVS","22","Balistidae","Sufflamen","fraenatum"
"2022-05_PtCloates_stereo-BRUVS","22","Cirrhitidae","Paracirrhites","forsteri"
"2022-05_PtCloates_stereo-BRUVS","22","Fistulariidae","Fistularia","commersonii"
"2022-05_PtCloates_stereo-BRUVS","22","Labridae","Bodianus","solatus"
"2022-05_PtCloates_stereo-BRUVS","22","Labridae","Choerodon","sp1"
"2022-05_PtCloates_stereo-BRUVS","22","Labridae","Coris","caudimacula"
"2022-05_PtCloates_stereo-BRUVS","22","Labridae","Oxycheilinus","orientalis"
"2022-05_PtCloates_stereo-BRUVS","22","Lethrinidae","Lethrinus","ravus"
"2022-05_PtCloates_stereo-BRUVS","22","Lethrinidae","Lethrinus","rubrioperculatus"
"2022-05_PtCloates_stereo-BRUVS","22","Lutjanidae","Aphareus","rutilans"
"2022-05_PtCloates_stereo-BRUVS","22","Lutjanidae","Lutjanus","sebae"
"2022-05_PtCloates_stereo-BRUVS","22","Malacanthidae","Malacanthus","brevirostris"
"2022-05_PtCloates_stereo-BRUVS","22","Mullidae","Mulloidichthys","flavolineatus"
"2022-05_PtCloates_stereo-BRUVS","22","Nemipteridae","Pentapodus","nagasakiensis"
"2022-05_PtCloates_stereo-BRUVS","22","SUS","SUS","sus"
"2022-05_PtCloates_stereo-BRUVS","22","Serranidae","Epinephelus","tukula"
"2022-05_PtCloates_stereo-BRUVS","23","Balistidae","Abalistes","filamentosus"
"2022-05_PtCloates_stereo-BRUVS","23","Carangidae","Carangoides","chrysophrys"
"2022-05_PtCloates_stereo-BRUVS","23","Lethrinidae","Gymnocranius","sp1"
"2022-05_PtCloates_stereo-BRUVS","23","Lethrinidae","Lethrinus","rubrioperculatus"
"2022-05_PtCloates_stereo-BRUVS","23","Lutjanidae","Pristipomoides","sp1"
"2022-05_PtCloates_stereo-BRUVS","23","Rhynchobatidae","Rhynchobatus","laevis"
"2022-05_PtCloates_stereo-BRUVS","23","SUS","SUS","sus"
"2022-05_PtCloates_stereo-BRUVS","24","Balistidae","Abalistes","filamentosus"
"2022-05_PtCloates_stereo-BRUVS","24","Carangidae","Carangoides","chrysophrys"
"2022-05_PtCloates_stereo-BRUVS","24","Carangidae","Carangoides","fulvoguttatus"
"2022-05_PtCloates_stereo-BRUVS","24","Carangidae","Seriolina","nigrofasciata"
"2022-05_PtCloates_stereo-BRUVS","24","Lethrinidae","Gymnocranius","sp1"
"2022-05_PtCloates_stereo-BRUVS","24","Lethrinidae","Lethrinus","rubrioperculatus"
"2022-05_PtCloates_stereo-BRUVS","24","Lutjanidae","Pristipomoides","sp1"
"2022-05_PtCloates_stereo-BRUVS","24","Nemipteridae","Pentapodus","nagasakiensis"
"2022-05_PtCloates_stereo-BRUVS","24","Unknown","Unknown","unknown"
"2022-05_PtCloates_stereo-BRUVS","25","Labridae","Bodianus","solatus"
"2022-05_PtCloates_stereo-BRUVS","25","Lethrinidae","Gymnocranius","sp1"
"2022-05_PtCloates_stereo-BRUVS","25","Lethrinidae","Lethrinus","ravus"
"2022-05_PtCloates_stereo-BRUVS","25","Lethrinidae","Lethrinus","rubrioperculatus"
"2022-05_PtCloates_stereo-BRUVS","25","Lutjanidae","Pristipomoides","sp1"
"2022-05_PtCloates_stereo-BRUVS","25","Pomacanthidae","Apolemichthys","trimaculatus"
"2022-05_PtCloates_stereo-BRUVS","25","Serranidae","Epinephelus","areolatus"
"2022-05_PtCloates_stereo-BRUVS","26","Carangidae","Carangoides","chrysophrys"
"2022-05_PtCloates_stereo-BRUVS","26","Carangidae","Carangoides","fulvoguttatus"
"2022-05_PtCloates_stereo-BRUVS","26","Lethrinidae","Gymnocranius","grandoculis"
"2022-05_PtCloates_stereo-BRUVS","26","Lethrinidae","Gymnocranius","sp1"
"2022-05_PtCloates_stereo-BRUVS","26","Lethrinidae","Lethrinus","rubrioperculatus"
"2022-05_PtCloates_stereo-BRUVS","26","Lutjanidae","Pristipomoides","sp1"
"2022-05_PtCloates_stereo-BRUVS","26","Nemipteridae","Pentapodus","nagasakiensis"
"2022-05_PtCloates_stereo-BRUVS","26","Unknown","Unknown","unknown"
"2022-05_PtCloates_stereo-BRUVS","27","Balistidae","Sufflamen","fraenatum"
"2022-05_PtCloates_stereo-BRUVS","27","Carangidae","Carangoides","fulvoguttatus"
"2022-05_PtCloates_stereo-BRUVS","27","Carangidae","Carangoides","gymnostethus"
"2022-05_PtCloates_stereo-BRUVS","27","Lethrinidae","Gymnocranius","sp1"
"2022-05_PtCloates_stereo-BRUVS","27","Lethrinidae","Lethrinus","rubrioperculatus"
"2022-05_PtCloates_stereo-BRUVS","27","Lutjanidae","Lutjanus","sebae"
"2022-05_PtCloates_stereo-BRUVS","27","SUS","SUS","sus"
"2022-05_PtCloates_stereo-BRUVS","28","Acanthuridae","Naso","hexacanthus"
"2022-05_PtCloates_stereo-BRUVS","28","Balistidae","Sufflamen","fraenatum"
"2022-05_PtCloates_stereo-BRUVS","28","Carangidae","Carangoides","chrysophrys"
"2022-05_PtCloates_stereo-BRUVS","28","Carangidae","Carangoides","fulvoguttatus"
"2022-05_PtCloates_stereo-BRUVS","28","Labridae","Choerodon","sp1"
"2022-05_PtCloates_stereo-BRUVS","28","Lethrinidae","Gymnocranius","sp1"
"2022-05_PtCloates_stereo-BRUVS","28","Lethrinidae","Lethrinus","rubrioperculatus"
"2022-05_PtCloates_stereo-BRUVS","28","Lutjanidae","Lutjanus","sebae"
"2022-05_PtCloates_stereo-BRUVS","28","Nemipteridae","Pentapodus","nagasakiensis"
"2022-05_PtCloates_stereo-BRUVS","28","SUS","SUS","sus"
"2022-05_PtCloates_stereo-BRUVS","28","Unknown","Unknown","unknown"
"2022-05_PtCloates_stereo-BRUVS","29","Acanthuridae","Naso","hexacanthus"
"2022-05_PtCloates_stereo-BRUVS","29","Labridae","Bodianus","solatus"
"2022-05_PtCloates_stereo-BRUVS","29","Labridae","Choerodon","sp1"
"2022-05_PtCloates_stereo-BRUVS","29","Lethrinidae","Gymnocranius","sp1"
"2022-05_PtCloates_stereo-BRUVS","29","Lethrinidae","Lethrinus","ravus"
"2022-05_PtCloates_stereo-BRUVS","29","Lethrinidae","Lethrinus","rubrioperculatus"
"2022-05_PtCloates_stereo-BRUVS","29","Malacanthidae","Malacanthus","brevirostris"
"2022-05_PtCloates_stereo-BRUVS","29","SUS","SUS","sus"
"2022-05_PtCloates_stereo-BRUVS","3","Lethrinidae","Gymnocranius","sp1"
"2022-05_PtCloates_stereo-BRUVS","3","Lethrinidae","Lethrinus","rubrioperculatus"
"2022-05_PtCloates_stereo-BRUVS","3","Nemipteridae","Pentapodus","nagasakiensis"
"2022-05_PtCloates_stereo-BRUVS","3","SUS","SUS","sus"
"2022-05_PtCloates_stereo-BRUVS","3","Unknown","Unknown","unknown"
"2022-05_PtCloates_stereo-BRUVS","30","Balistidae","Sufflamen","fraenatum"
"2022-05_PtCloates_stereo-BRUVS","30","Carangidae","Carangoides","chrysophrys"
"2022-05_PtCloates_stereo-BRUVS","30","Carangidae","Unknown","sp10"
"2022-05_PtCloates_stereo-BRUVS","30","Carcharhinidae","Carcharhinus","albimarginatus"
"2022-05_PtCloates_stereo-BRUVS","30","Labridae","Choerodon","sp1"
"2022-05_PtCloates_stereo-BRUVS","30","Lethrinidae","Gymnocranius","sp1"
"2022-05_PtCloates_stereo-BRUVS","30","Lethrinidae","Lethrinus","rubrioperculatus"
"2022-05_PtCloates_stereo-BRUVS","30","Lutjanidae","Lutjanus","sebae"
"2022-05_PtCloates_stereo-BRUVS","30","Malacanthidae","Malacanthus","brevirostris"
"2022-05_PtCloates_stereo-BRUVS","30","Serranidae","Epinephelus","areolatus"
"2022-05_PtCloates_stereo-BRUVS","31","Balistidae","Sufflamen","fraenatum"
"2022-05_PtCloates_stereo-BRUVS","31","Carangidae","Carangoides","chrysophrys"
"2022-05_PtCloates_stereo-BRUVS","31","Carangidae","Carangoides","fulvoguttatus"
"2022-05_PtCloates_stereo-BRUVS","31","Lethrinidae","Gymnocranius","sp1"
"2022-05_PtCloates_stereo-BRUVS","31","Lethrinidae","Lethrinus","rubrioperculatus"
"2022-05_PtCloates_stereo-BRUVS","31","Lutjanidae","Lutjanus","sebae"
"2022-05_PtCloates_stereo-BRUVS","31","Nemipteridae","Pentapodus","nagasakiensis"
"2022-05_PtCloates_stereo-BRUVS","31","Scaridae","Scarus","sp3"
"2022-05_PtCloates_stereo-BRUVS","31","Serranidae","Variola","louti"
"2022-05_PtCloates_stereo-BRUVS","32","Balistidae","Abalistes","filamentosus"
"2022-05_PtCloates_stereo-BRUVS","32","Balistidae","Sufflamen","fraenatum"
"2022-05_PtCloates_stereo-BRUVS","32","Carangidae","Carangoides","chrysophrys"
"2022-05_PtCloates_stereo-BRUVS","32","Carangidae","Carangoides","fulvoguttatus"
"2022-05_PtCloates_stereo-BRUVS","32","Carcharhinidae","Loxodon","macrorhinus"
"2022-05_PtCloates_stereo-BRUVS","32","Labridae","Coris","caudimacula"
"2022-05_PtCloates_stereo-BRUVS","32","Lethrinidae","Gymnocranius","sp1"
"2022-05_PtCloates_stereo-BRUVS","32","Lethrinidae","Lethrinus","rubrioperculatus"
"2022-05_PtCloates_stereo-BRUVS","32","Lutjanidae","Lutjanus","sebae"
"2022-05_PtCloates_stereo-BRUVS","32","Lutjanidae","Pristipomoides","sp1"
"2022-05_PtCloates_stereo-BRUVS","32","Nemipteridae","Pentapodus","nagasakiensis"
"2022-05_PtCloates_stereo-BRUVS","33","Carcharhinidae","Carcharhinus","albimarginatus"
"2022-05_PtCloates_stereo-BRUVS","33","Lethrinidae","Gymnocranius","sp1"
"2022-05_PtCloates_stereo-BRUVS","33","Lethrinidae","Lethrinus","rubrioperculatus"
"2022-05_PtCloates_stereo-BRUVS","33","Lutjanidae","Lutjanus","sebae"
"2022-05_PtCloates_stereo-BRUVS","34","Carangidae","Carangoides","chrysophrys"
"2022-05_PtCloates_stereo-BRUVS","34","Carangidae","Carangoides","fulvoguttatus"
"2022-05_PtCloates_stereo-BRUVS","34","Carcharhinidae","Carcharhinus","albimarginatus"
"2022-05_PtCloates_stereo-BRUVS","34","Lethrinidae","Gymnocranius","sp1"
"2022-05_PtCloates_stereo-BRUVS","34","Lethrinidae","Lethrinus","rubrioperculatus"
"2022-05_PtCloates_stereo-BRUVS","34","Lutjanidae","Pristipomoides","sp1"
"2022-05_PtCloates_stereo-BRUVS","34","Nemipteridae","Pentapodus","nagasakiensis"
"2022-05_PtCloates_stereo-BRUVS","35","Carangidae","Carangoides","chrysophrys"
"2022-05_PtCloates_stereo-BRUVS","35","Carangidae","Carangoides","fulvoguttatus"
"2022-05_PtCloates_stereo-BRUVS","35","Carcharhinidae","Carcharhinus","albimarginatus"
"2022-05_PtCloates_stereo-BRUVS","35","Fistulariidae","Fistularia","commersonii"
"2022-05_PtCloates_stereo-BRUVS","35","Labridae","Choerodon","sp1"
"2022-05_PtCloates_stereo-BRUVS","35","Lethrinidae","Gymnocranius","sp1"
"2022-05_PtCloates_stereo-BRUVS","35","Lethrinidae","Lethrinus","rubrioperculatus"
"2022-05_PtCloates_stereo-BRUVS","35","Lutjanidae","Pristipomoides","sp1"
"2022-05_PtCloates_stereo-BRUVS","35","Malacanthidae","Malacanthus","brevirostris"
"2022-05_PtCloates_stereo-BRUVS","36","Carangidae","Carangoides","chrysophrys"
"2022-05_PtCloates_stereo-BRUVS","36","Carangidae","Carangoides","fulvoguttatus"
"2022-05_PtCloates_stereo-BRUVS","36","Labridae","Coris","caudimacula"
"2022-05_PtCloates_stereo-BRUVS","36","Lethrinidae","Gymnocranius","sp1"
"2022-05_PtCloates_stereo-BRUVS","36","Lethrinidae","Lethrinus","rubrioperculatus"
"2022-05_PtCloates_stereo-BRUVS","36","Lutjanidae","Lutjanus","sebae"
"2022-05_PtCloates_stereo-BRUVS","36","Mullidae","Upeneus","moluccensis"
"2022-05_PtCloates_stereo-BRUVS","36","SUS","SUS","sus"
"2022-05_PtCloates_stereo-BRUVS","37","Carangidae","Carangoides","chrysophrys"
"2022-05_PtCloates_stereo-BRUVS","37","Carangidae","Carangoides","fulvoguttatus"
"2022-05_PtCloates_stereo-BRUVS","37","Lethrinidae","Gymnocranius","sp1"
"2022-05_PtCloates_stereo-BRUVS","37","Lethrinidae","Lethrinus","ravus"
"2022-05_PtCloates_stereo-BRUVS","37","Lethrinidae","Lethrinus","rubrioperculatus"
"2022-05_PtCloates_stereo-BRUVS","37","Lutjanidae","Aphareus","rutilans"
"2022-05_PtCloates_stereo-BRUVS","37","Lutjanidae","Lutjanus","sebae"
"2022-05_PtCloates_stereo-BRUVS","37","Pinguipedidae","Parapercis","clathrata"
"2022-05_PtCloates_stereo-BRUVS","37","SUS","SUS","sus"
"2022-05_PtCloates_stereo-BRUVS","37","Serranidae","Variola","louti"
"2022-05_PtCloates_stereo-BRUVS","38","Lethrinidae","Gymnocranius","sp1"
"2022-05_PtCloates_stereo-BRUVS","38","Lethrinidae","Lethrinus","ravus"
"2022-05_PtCloates_stereo-BRUVS","38","Lethrinidae","Lethrinus","rubrioperculatus"
"2022-05_PtCloates_stereo-BRUVS","38","Nemipteridae","Pentapodus","nagasakiensis"
"2022-05_PtCloates_stereo-BRUVS","39","Acanthuridae","Naso","fageni"
"2022-05_PtCloates_stereo-BRUVS","39","Balistidae","Sufflamen","fraenatum"
"2022-05_PtCloates_stereo-BRUVS","39","Carangidae","Carangoides","chrysophrys"
"2022-05_PtCloates_stereo-BRUVS","39","Carangidae","Carangoides","fulvoguttatus"
"2022-05_PtCloates_stereo-BRUVS","39","Carcharhinidae","Carcharhinus","albimarginatus"
"2022-05_PtCloates_stereo-BRUVS","39","Cirrhitidae","Paracirrhites","forsteri"
"2022-05_PtCloates_stereo-BRUVS","39","Labridae","Bodianus","solatus"
"2022-05_PtCloates_stereo-BRUVS","39","Labridae","Diproctacanthus","xanthurus"
"2022-05_PtCloates_stereo-BRUVS","39","Lethrinidae","Gymnocranius","sp1"
"2022-05_PtCloates_stereo-BRUVS","39","Lethrinidae","Lethrinus","ravus"
"2022-05_PtCloates_stereo-BRUVS","39","Lutjanidae","Lutjanus","sebae"
"2022-05_PtCloates_stereo-BRUVS","4","Balistidae","Abalistes","filamentosus"
"2022-05_PtCloates_stereo-BRUVS","4","Carangidae","Carangoides","fulvoguttatus"
"2022-05_PtCloates_stereo-BRUVS","4","Carangidae","Seriolina","nigrofasciata"
"2022-05_PtCloates_stereo-BRUVS","4","Lethrinidae","Gymnocranius","sp1"
"2022-05_PtCloates_stereo-BRUVS","4","Lethrinidae","Lethrinus","rubrioperculatus"
"2022-05_PtCloates_stereo-BRUVS","4","Lutjanidae","Lutjanus","sebae"
"2022-05_PtCloates_stereo-BRUVS","4","Lutjanidae","Pristipomoides","sp1"
"2022-05_PtCloates_stereo-BRUVS","4","Nemipteridae","Pentapodus","nagasakiensis"
"2022-05_PtCloates_stereo-BRUVS","4","Serranidae","Epinephelus","areolatus"
"2022-05_PtCloates_stereo-BRUVS","40","Balistidae","Abalistes","filamentosus"
"2022-05_PtCloates_stereo-BRUVS","40","Balistidae","Sufflamen","fraenatum"
"2022-05_PtCloates_stereo-BRUVS","40","Carangidae","Carangoides","chrysophrys"
"2022-05_PtCloates_stereo-BRUVS","40","Carangidae","Carangoides","fulvoguttatus"
"2022-05_PtCloates_stereo-BRUVS","40","Carangidae","Carangoides","gymnostethus"
"2022-05_PtCloates_stereo-BRUVS","40","Lethrinidae","Gymnocranius","sp1"
"2022-05_PtCloates_stereo-BRUVS","40","Lethrinidae","Lethrinus","rubrioperculatus"
"2022-05_PtCloates_stereo-BRUVS","40","Lutjanidae","Lutjanus","sebae"
"2022-05_PtCloates_stereo-BRUVS","40","Lutjanidae","Pristipomoides","sp1"
"2022-05_PtCloates_stereo-BRUVS","40","Nemipteridae","Pentapodus","nagasakiensis"
"2022-05_PtCloates_stereo-BRUVS","40","SUS","SUS","sus"
"2022-05_PtCloates_stereo-BRUVS","41","Carangidae","Carangoides","fulvoguttatus"
"2022-05_PtCloates_stereo-BRUVS","41","Lethrinidae","Gymnocranius","sp1"
"2022-05_PtCloates_stereo-BRUVS","41","Lethrinidae","Lethrinus","rubrioperculatus"
"2022-05_PtCloates_stereo-BRUVS","41","Lutjanidae","Pristipomoides","sp1"
"2022-05_PtCloates_stereo-BRUVS","41","Serranidae","Epinephelus","tukula"
"2022-05_PtCloates_stereo-BRUVS","42","Balistidae","Abalistes","filamentosus"
"2022-05_PtCloates_stereo-BRUVS","42","Carangidae","Carangoides","chrysophrys"
"2022-05_PtCloates_stereo-BRUVS","42","Carangidae","Carangoides","gymnostethus"
"2022-05_PtCloates_stereo-BRUVS","42","Lethrinidae","Gymnocranius","sp1"
"2022-05_PtCloates_stereo-BRUVS","42","Lethrinidae","Lethrinus","rubrioperculatus"
"2022-05_PtCloates_stereo-BRUVS","42","Lutjanidae","Pristipomoides","sp1"
"2022-05_PtCloates_stereo-BRUVS","43","Balistidae","Abalistes","filamentosus"
"2022-05_PtCloates_stereo-BRUVS","43","Balistidae","Pseudobalistes","fuscus"
"2022-05_PtCloates_stereo-BRUVS","43","Carangidae","Carangoides","chrysophrys"
"2022-05_PtCloates_stereo-BRUVS","43","Carangidae","Carangoides","fulvoguttatus"
"2022-05_PtCloates_stereo-BRUVS","43","Carcharhinidae","Loxodon","macrorhinus"
"2022-05_PtCloates_stereo-BRUVS","43","Labridae","Bodianus","solatus"
"2022-05_PtCloates_stereo-BRUVS","43","Lethrinidae","Gymnocranius","sp1"
"2022-05_PtCloates_stereo-BRUVS","43","Lethrinidae","Lethrinus","rubrioperculatus"
"2022-05_PtCloates_stereo-BRUVS","43","Lutjanidae","Pristipomoides","sp1"
"2022-05_PtCloates_stereo-BRUVS","43","Nemipteridae","Pentapodus","nagasakiensis"
"2022-05_PtCloates_stereo-BRUVS","43","SUS","SUS","sus"
"2022-05_PtCloates_stereo-BRUVS","44","Balistidae","Abalistes","filamentosus"
"2022-05_PtCloates_stereo-BRUVS","44","Balistidae","Sufflamen","fraenatum"
"2022-05_PtCloates_stereo-BRUVS","44","Carangidae","Carangoides","fulvoguttatus"
"2022-05_PtCloates_stereo-BRUVS","44","Carangidae","Carangoides","gymnostethus"
"2022-05_PtCloates_stereo-BRUVS","44","Carangidae","Seriolina","nigrofasciata"
"2022-05_PtCloates_stereo-BRUVS","44","Lethrinidae","Gymnocranius","sp1"
"2022-05_PtCloates_stereo-BRUVS","44","Lethrinidae","Lethrinus","rubrioperculatus"
"2022-05_PtCloates_stereo-BRUVS","44","Lutjanidae","Lutjanus","sebae"
"2022-05_PtCloates_stereo-BRUVS","44","Lutjanidae","Pristipomoides","multidens"
"2022-05_PtCloates_stereo-BRUVS","44","Lutjanidae","Pristipomoides","sp1"
"2022-05_PtCloates_stereo-BRUVS","44","SUS","SUS","sus"
"2022-05_PtCloates_stereo-BRUVS","45","Acanthuridae","Naso","fageni"
"2022-05_PtCloates_stereo-BRUVS","45","Balistidae","Sufflamen","fraenatum"
"2022-05_PtCloates_stereo-BRUVS","45","Carangidae","Carangoides","chrysophrys"
"2022-05_PtCloates_stereo-BRUVS","45","Carangidae","Carangoides","fulvoguttatus"
"2022-05_PtCloates_stereo-BRUVS","45","Carangidae","Carangoides","gymnostethus"
"2022-05_PtCloates_stereo-BRUVS","45","Carcharhinidae","Carcharhinus","albimarginatus"
"2022-05_PtCloates_stereo-BRUVS","45","Ephippidae","Platax","batavianus"
"2022-05_PtCloates_stereo-BRUVS","45","Labridae","Bodianus","solatus"
"2022-05_PtCloates_stereo-BRUVS","45","Lethrinidae","Lethrinus","rubrioperculatus"
"2022-05_PtCloates_stereo-BRUVS","45","SUS","SUS","sus"
"2022-05_PtCloates_stereo-BRUVS","45","Scaridae","Scarus","sp3"
"2022-05_PtCloates_stereo-BRUVS","45","Serranidae","Epinephelus","multinotatus"
"2022-05_PtCloates_stereo-BRUVS","45","Serranidae","Variola","louti"
"2022-05_PtCloates_stereo-BRUVS","46","Carangidae","Carangoides","fulvoguttatus"
"2022-05_PtCloates_stereo-BRUVS","46","Lethrinidae","Gymnocranius","sp1"
"2022-05_PtCloates_stereo-BRUVS","46","Lethrinidae","Lethrinus","ravus"
"2022-05_PtCloates_stereo-BRUVS","46","Lethrinidae","Lethrinus","rubrioperculatus"
"2022-05_PtCloates_stereo-BRUVS","46","Lutjanidae","Lutjanus","sebae"
"2022-05_PtCloates_stereo-BRUVS","46","Unknown","Unknown","unknown"
"2022-05_PtCloates_stereo-BRUVS","47","Acanthuridae","Naso","fageni"
"2022-05_PtCloates_stereo-BRUVS","47","Carangidae","Carangoides","chrysophrys"
"2022-05_PtCloates_stereo-BRUVS","47","Chaetodontidae","Heniochus","acuminatus"
"2022-05_PtCloates_stereo-BRUVS","47","Labridae","Bodianus","solatus"
"2022-05_PtCloates_stereo-BRUVS","47","Labridae","Choerodon","sp1"
"2022-05_PtCloates_stereo-BRUVS","47","Lethrinidae","Gymnocranius","sp1"
"2022-05_PtCloates_stereo-BRUVS","47","Lethrinidae","Lethrinus","ravus"
"2022-05_PtCloates_stereo-BRUVS","47","Lethrinidae","Lethrinus","rubrioperculatus"
"2022-05_PtCloates_stereo-BRUVS","47","Lutjanidae","Aphareus","rutilans"
"2022-05_PtCloates_stereo-BRUVS","47","Lutjanidae","Lutjanus","sebae"
"2022-05_PtCloates_stereo-BRUVS","47","Malacanthidae","Malacanthus","brevirostris"
"2022-05_PtCloates_stereo-BRUVS","47","Malacanthidae","Malacanthus","latovittatus"
"2022-05_PtCloates_stereo-BRUVS","47","SUS","SUS","sus"
"2022-05_PtCloates_stereo-BRUVS","47","Scaridae","Scarus","sp3"
"2022-05_PtCloates_stereo-BRUVS","47","Serranidae","Epinephelus","multinotatus"
"2022-05_PtCloates_stereo-BRUVS","47","Tetraodontidae","Arothron","stellatus"
"2022-05_PtCloates_stereo-BRUVS","48","Acanthuridae","Naso","fageni"
"2022-05_PtCloates_stereo-BRUVS","48","Carcharhinidae","Carcharhinus","albimarginatus"
"2022-05_PtCloates_stereo-BRUVS","48","Chaetodontidae","Heniochus","acuminatus"
"2022-05_PtCloates_stereo-BRUVS","48","Labridae","Bodianus","solatus"
"2022-05_PtCloates_stereo-BRUVS","48","Lethrinidae","Gymnocranius","sp1"
"2022-05_PtCloates_stereo-BRUVS","48","Lethrinidae","Lethrinus","ravus"
"2022-05_PtCloates_stereo-BRUVS","48","Lethrinidae","Lethrinus","rubrioperculatus"
"2022-05_PtCloates_stereo-BRUVS","48","Lutjanidae","Aphareus","rutilans"
"2022-05_PtCloates_stereo-BRUVS","48","SUS","SUS","sus"
"2022-05_PtCloates_stereo-BRUVS","48","Tetraodontidae","Arothron","stellatus"
"2022-05_PtCloates_stereo-BRUVS","5","Carangidae","Carangoides","chrysophrys"
"2022-05_PtCloates_stereo-BRUVS","5","Carangidae","Carangoides","fulvoguttatus"
"2022-05_PtCloates_stereo-BRUVS","5","Carcharhinidae","Carcharhinus","albimarginatus"
"2022-05_PtCloates_stereo-BRUVS","5","Lethrinidae","Gymnocranius","sp1"
"2022-05_PtCloates_stereo-BRUVS","5","Lethrinidae","Lethrinus","rubrioperculatus"
"2022-05_PtCloates_stereo-BRUVS","5","Lutjanidae","Aphareus","rutilans"
"2022-05_PtCloates_stereo-BRUVS","5","Lutjanidae","Pristipomoides","sp1"
"2022-05_PtCloates_stereo-BRUVS","5","SUS","SUS","sus"
"2022-05_PtCloates_stereo-BRUVS","5","Sphyraenidae","Sphyraena","qenie"
"2022-05_PtCloates_stereo-BRUVS","50","Carangidae","Carangoides","chrysophrys"
"2022-05_PtCloates_stereo-BRUVS","50","Carangidae","Caranx","lugubris"
"2022-05_PtCloates_stereo-BRUVS","50","Cirrhitidae","Paracirrhites","forsteri"
"2022-05_PtCloates_stereo-BRUVS","50","Lethrinidae","Gymnocranius","sp1"
"2022-05_PtCloates_stereo-BRUVS","50","Lethrinidae","Lethrinus","ravus"
"2022-05_PtCloates_stereo-BRUVS","50","Lutjanidae","Aphareus","rutilans"
"2022-05_PtCloates_stereo-BRUVS","50","Lutjanidae","Lutjanus","sebae"
"2022-05_PtCloates_stereo-BRUVS","50","Malacanthidae","Malacanthus","brevirostris"
"2022-05_PtCloates_stereo-BRUVS","50","Nemipteridae","Pentapodus","nagasakiensis"
"2022-05_PtCloates_stereo-BRUVS","50","Serranidae","Epinephelus","multinotatus"
"2022-05_PtCloates_stereo-BRUVS","50","Sphyraenidae","Sphyraena","jello"
"2022-05_PtCloates_stereo-BRUVS","51","Acanthuridae","Naso","fageni"
"2022-05_PtCloates_stereo-BRUVS","51","Carcharhinidae","Carcharhinus","albimarginatus"
"2022-05_PtCloates_stereo-BRUVS","51","Fistulariidae","Fistularia","commersonii"
"2022-05_PtCloates_stereo-BRUVS","51","Labridae","Choerodon","sp1"
"2022-05_PtCloates_stereo-BRUVS","51","Lethrinidae","Gymnocranius","sp1"
"2022-05_PtCloates_stereo-BRUVS","51","Lethrinidae","Lethrinus","rubrioperculatus"
"2022-05_PtCloates_stereo-BRUVS","51","Lutjanidae","Aphareus","rutilans"
"2022-05_PtCloates_stereo-BRUVS","51","Lutjanidae","Lutjanus","sebae"
"2022-05_PtCloates_stereo-BRUVS","51","Lutjanidae","Pristipomoides","sp1"
"2022-05_PtCloates_stereo-BRUVS","51","Mullidae","Parupeneus","cyclostomus"
"2022-05_PtCloates_stereo-BRUVS","51","Nemipteridae","Pentapodus","nagasakiensis"
"2022-05_PtCloates_stereo-BRUVS","51","Scaridae","Scarus","sp3"
"2022-05_PtCloates_stereo-BRUVS","52","Carangidae","Carangoides","chrysophrys"
"2022-05_PtCloates_stereo-BRUVS","52","Carangidae","Carangoides","fulvoguttatus"
"2022-05_PtCloates_stereo-BRUVS","52","Labridae","Bodianus","solatus"
"2022-05_PtCloates_stereo-BRUVS","52","Lethrinidae","Gymnocranius","sp1"
"2022-05_PtCloates_stereo-BRUVS","52","Lethrinidae","Lethrinus","ravus"
"2022-05_PtCloates_stereo-BRUVS","52","Lethrinidae","Lethrinus","rubrioperculatus"
"2022-05_PtCloates_stereo-BRUVS","52","Lutjanidae","Lutjanus","sebae"
"2022-05_PtCloates_stereo-BRUVS","52","Lutjanidae","Pristipomoides","sp1"
"2022-05_PtCloates_stereo-BRUVS","52","Nemipteridae","Pentapodus","nagasakiensis"
"2022-05_PtCloates_stereo-BRUVS","52","Scaridae","Scarus","sp3"
"2022-05_PtCloates_stereo-BRUVS","53","Carangidae","Carangoides","chrysophrys"
"2022-05_PtCloates_stereo-BRUVS","53","Carcharhinidae","Carcharhinus","albimarginatus"
"2022-05_PtCloates_stereo-BRUVS","53","Chaetodontidae","Heniochus","acuminatus"
"2022-05_PtCloates_stereo-BRUVS","53","Cirrhitidae","Cirrhitichthys","aprinus"
"2022-05_PtCloates_stereo-BRUVS","53","Labridae","Bodianus","solatus"
"2022-05_PtCloates_stereo-BRUVS","53","Labridae","Oxycheilinus","orientalis"
"2022-05_PtCloates_stereo-BRUVS","53","Lethrinidae","Lethrinus","ravus"
"2022-05_PtCloates_stereo-BRUVS","53","Nemipteridae","Pentapodus","nagasakiensis"
"2022-05_PtCloates_stereo-BRUVS","54","Carangidae","Carangoides","fulvoguttatus"
"2022-05_PtCloates_stereo-BRUVS","54","Carcharhinidae","Carcharhinus","albimarginatus"
"2022-05_PtCloates_stereo-BRUVS","54","Lethrinidae","Gymnocranius","sp1"
"2022-05_PtCloates_stereo-BRUVS","54","Lutjanidae","Lutjanus","sebae"
"2022-05_PtCloates_stereo-BRUVS","54","Lutjanidae","Pristipomoides","sp1"
"2022-05_PtCloates_stereo-BRUVS","54","Nemipteridae","Pentapodus","nagasakiensis"
"2022-05_PtCloates_stereo-BRUVS","55","Carangidae","Carangoides","chrysophrys"
"2022-05_PtCloates_stereo-BRUVS","55","Labridae","Choerodon","sp1"
"2022-05_PtCloates_stereo-BRUVS","55","Lethrinidae","Gymnocranius","sp1"
"2022-05_PtCloates_stereo-BRUVS","55","Lethrinidae","Lethrinus","rubrioperculatus"
"2022-05_PtCloates_stereo-BRUVS","55","Lutjanidae","Lutjanus","sebae"
"2022-05_PtCloates_stereo-BRUVS","55","Lutjanidae","Pristipomoides","sp1"
"2022-05_PtCloates_stereo-BRUVS","56","Carangidae","Carangoides","chrysophrys"
"2022-05_PtCloates_stereo-BRUVS","56","Lethrinidae","Gymnocranius","sp1"
"2022-05_PtCloates_stereo-BRUVS","56","Lethrinidae","Lethrinus","rubrioperculatus"
"2022-05_PtCloates_stereo-BRUVS","56","Lutjanidae","Lutjanus","sebae"
"2022-05_PtCloates_stereo-BRUVS","56","Lutjanidae","Pristipomoides","sp1"
"2022-05_PtCloates_stereo-BRUVS","57","Carangidae","Carangoides","chrysophrys"
"2022-05_PtCloates_stereo-BRUVS","57","Lethrinidae","Gymnocranius","sp1"
"2022-05_PtCloates_stereo-BRUVS","57","Lethrinidae","Lethrinus","ravus"
"2022-05_PtCloates_stereo-BRUVS","57","Lutjanidae","Lutjanus","sebae"
"2022-05_PtCloates_stereo-BRUVS","57","Unknown","Unknown","unknown"
"2022-05_PtCloates_stereo-BRUVS","58","Balistidae","Abalistes","filamentosus"
"2022-05_PtCloates_stereo-BRUVS","58","Carangidae","Carangoides","chrysophrys"
"2022-05_PtCloates_stereo-BRUVS","58","Carcharhinidae","Carcharhinus","albimarginatus"
"2022-05_PtCloates_stereo-BRUVS","58","Labridae","Bodianus","solatus"
"2022-05_PtCloates_stereo-BRUVS","58","Lethrinidae","Gymnocranius","sp1"
"2022-05_PtCloates_stereo-BRUVS","58","Lethrinidae","Lethrinus","rubrioperculatus"
"2022-05_PtCloates_stereo-BRUVS","58","Lutjanidae","Pristipomoides","sp1"
"2022-05_PtCloates_stereo-BRUVS","58","Serranidae","Epinephelus","areolatus"
"2022-05_PtCloates_stereo-BRUVS","59","Balistidae","Abalistes","filamentosus"
"2022-05_PtCloates_stereo-BRUVS","59","Balistidae","Sufflamen","fraenatum"
"2022-05_PtCloates_stereo-BRUVS","59","Carangidae","Carangoides","chrysophrys"
"2022-05_PtCloates_stereo-BRUVS","59","Carangidae","Carangoides","fulvoguttatus"
"2022-05_PtCloates_stereo-BRUVS","59","Carcharhinidae","Carcharhinus","albimarginatus"
"2022-05_PtCloates_stereo-BRUVS","59","Labridae","Coris","caudimacula"
"2022-05_PtCloates_stereo-BRUVS","59","Lethrinidae","Gymnocranius","sp1"
"2022-05_PtCloates_stereo-BRUVS","59","Lethrinidae","Lethrinus","olivaceus"
"2022-05_PtCloates_stereo-BRUVS","59","Lethrinidae","Lethrinus","rubrioperculatus"
"2022-05_PtCloates_stereo-BRUVS","59","Lutjanidae","Aphareus","rutilans"
"2022-05_PtCloates_stereo-BRUVS","59","Lutjanidae","Lutjanus","sebae"
"2022-05_PtCloates_stereo-BRUVS","59","Lutjanidae","Pristipomoides","sp1"
"2022-05_PtCloates_stereo-BRUVS","59","Nemipteridae","Pentapodus","nagasakiensis"
"2022-05_PtCloates_stereo-BRUVS","59","SUS","SUS","sus"
"2022-05_PtCloates_stereo-BRUVS","59","Serranidae","Epinephelus","areolatus"
"2022-05_PtCloates_stereo-BRUVS","6","Balistidae","Abalistes","stellatus"
"2022-05_PtCloates_stereo-BRUVS","6","Balistidae","Sufflamen","fraenatum"
"2022-05_PtCloates_stereo-BRUVS","6","Carangidae","Carangoides","chrysophrys"
"2022-05_PtCloates_stereo-BRUVS","6","Carangidae","Carangoides","fulvoguttatus"
"2022-05_PtCloates_stereo-BRUVS","6","Carangidae","Carangoides","gymnostethus"
"2022-05_PtCloates_stereo-BRUVS","6","Lethrinidae","Gymnocranius","sp1"
"2022-05_PtCloates_stereo-BRUVS","6","Lethrinidae","Lethrinus","rubrioperculatus"
"2022-05_PtCloates_stereo-BRUVS","6","Lutjanidae","Aphareus","rutilans"
"2022-05_PtCloates_stereo-BRUVS","6","Lutjanidae","Pristipomoides","sp1"
"2022-05_PtCloates_stereo-BRUVS","6","SUS","SUS","sus"
"2022-05_PtCloates_stereo-BRUVS","60","Carangidae","Carangoides","fulvoguttatus"
"2022-05_PtCloates_stereo-BRUVS","60","Labridae","Bodianus","solatus"
"2022-05_PtCloates_stereo-BRUVS","60","Lethrinidae","Gymnocranius","sp1"
"2022-05_PtCloates_stereo-BRUVS","60","Lethrinidae","Lethrinus","ravus"
"2022-05_PtCloates_stereo-BRUVS","60","Lethrinidae","Lethrinus","rubrioperculatus"
"2022-05_PtCloates_stereo-BRUVS","60","Lutjanidae","Aphareus","rutilans"
"2022-05_PtCloates_stereo-BRUVS","60","Lutjanidae","Lutjanus","sebae"
"2022-05_PtCloates_stereo-BRUVS","60","Lutjanidae","Pristipomoides","sp1"
"2022-05_PtCloates_stereo-BRUVS","60","Serranidae","Epinephelus","areolatus"
"2022-05_PtCloates_stereo-BRUVS","60","Serranidae","Epinephelus","multinotatus"
"2022-05_PtCloates_stereo-BRUVS","61","Cirrhitidae","Paracirrhites","forsteri"
"2022-05_PtCloates_stereo-BRUVS","61","Lethrinidae","Lethrinus","ravus"
"2022-05_PtCloates_stereo-BRUVS","61","Lethrinidae","Lethrinus","rubrioperculatus"
"2022-05_PtCloates_stereo-BRUVS","61","Nemipteridae","Pentapodus","nagasakiensis"
"2022-05_PtCloates_stereo-BRUVS","62","Acanthuridae","Naso","fageni"
"2022-05_PtCloates_stereo-BRUVS","62","Balistidae","Abalistes","filamentosus"
"2022-05_PtCloates_stereo-BRUVS","62","Carangidae","Carangoides","fulvoguttatus"
"2022-05_PtCloates_stereo-BRUVS","62","Labridae","Bodianus","solatus"
"2022-05_PtCloates_stereo-BRUVS","62","Lutjanidae","Lutjanus","sebae"
"2022-05_PtCloates_stereo-BRUVS","62","Lutjanidae","Pristipomoides","sp1"
"2022-05_PtCloates_stereo-BRUVS","62","Serranidae","Variola","louti"
"2022-05_PtCloates_stereo-BRUVS","63","Lethrinidae","Gymnocranius","sp1"
"2022-05_PtCloates_stereo-BRUVS","63","Lethrinidae","Lethrinus","ravus"
"2022-05_PtCloates_stereo-BRUVS","63","SUS","SUS","sus"
"2022-05_PtCloates_stereo-BRUVS","64","Acanthuridae","Naso","brachycentron"
"2022-05_PtCloates_stereo-BRUVS","64","Acanthuridae","Naso","fageni"
"2022-05_PtCloates_stereo-BRUVS","64","Balistidae","Pseudobalistes","flavimarginatus"
"2022-05_PtCloates_stereo-BRUVS","64","Balistidae","Sufflamen","fraenatum"
"2022-05_PtCloates_stereo-BRUVS","64","Carangidae","Carangoides","fulvoguttatus"
"2022-05_PtCloates_stereo-BRUVS","64","Carcharhinidae","Carcharhinus","albimarginatus"
"2022-05_PtCloates_stereo-BRUVS","64","Labridae","Bodianus","solatus"
"2022-05_PtCloates_stereo-BRUVS","64","Labridae","Choerodon","sp1"
"2022-05_PtCloates_stereo-BRUVS","64","Lethrinidae","Lethrinus","rubrioperculatus"
"2022-05_PtCloates_stereo-BRUVS","64","Lutjanidae","Lutjanus","lemniscatus"
"2022-05_PtCloates_stereo-BRUVS","64","Lutjanidae","Pristipomoides","sp1"
"2022-05_PtCloates_stereo-BRUVS","64","Nemipteridae","Pentapodus","nagasakiensis"
"2022-05_PtCloates_stereo-BRUVS","64","SUS","SUS","sus"
"2022-05_PtCloates_stereo-BRUVS","7","Balistidae","Abalistes","filamentosus"
"2022-05_PtCloates_stereo-BRUVS","7","Carangidae","Carangoides","chrysophrys"
"2022-05_PtCloates_stereo-BRUVS","7","Carangidae","Carangoides","fulvoguttatus"
"2022-05_PtCloates_stereo-BRUVS","7","Lethrinidae","Gymnocranius","sp1"
"2022-05_PtCloates_stereo-BRUVS","7","Lethrinidae","Lethrinus","rubrioperculatus"
"2022-05_PtCloates_stereo-BRUVS","7","Lutjanidae","Lutjanus","sebae"
"2022-05_PtCloates_stereo-BRUVS","7","Lutjanidae","Pristipomoides","sp1"
"2022-05_PtCloates_stereo-BRUVS","7","SUS","SUS","sus"
"2022-05_PtCloates_stereo-BRUVS","8","Balistidae","Abalistes","filamentosus"
"2022-05_PtCloates_stereo-BRUVS","8","Carangidae","Carangoides","chrysophrys"
"2022-05_PtCloates_stereo-BRUVS","8","Carangidae","Carangoides","gymnostethus"
"2022-05_PtCloates_stereo-BRUVS","8","Carangidae","Seriolina","nigrofasciata"
"2022-05_PtCloates_stereo-BRUVS","8","Carcharhinidae","Loxodon","macrorhinus"
"2022-05_PtCloates_stereo-BRUVS","8","Lethrinidae","Gymnocranius","sp1"
"2022-05_PtCloates_stereo-BRUVS","8","Lethrinidae","Lethrinus","rubrioperculatus"
"2022-05_PtCloates_stereo-BRUVS","8","Lutjanidae","Pristipomoides","sp1"
"2022-05_PtCloates_stereo-BRUVS","9","Acanthuridae","Naso","fageni"
"2022-05_PtCloates_stereo-BRUVS","9","Balistidae","Abalistes","filamentosus"
"2022-05_PtCloates_stereo-BRUVS","9","Carangidae","Carangoides","chrysophrys"
"2022-05_PtCloates_stereo-BRUVS","9","Carcharhinidae","Carcharhinus","albimarginatus"
"2022-05_PtCloates_stereo-BRUVS","9","Lethrinidae","Gymnocranius","sp1"
"2022-05_PtCloates_stereo-BRUVS","9","Lethrinidae","Lethrinus","rubrioperculatus"
"2022-05_PtCloates_stereo-BRUVS","9","Lutjanidae","Lutjanus","sebae"
"2022-05_PtCloates_stereo-BRUVS","9","Lutjanidae","Pristipomoides","sp1"
"2022-05_PtCloates_stereo-BRUVS","9","Mullidae","Mulloidichthys","flavolineatus"
"2022-05_PtCloates_stereo-BRUVS","9","SUS","SUS","sus"
"2022-05_PtCloates_stereo-BRUVS","9","Serranidae","Epinephelus","areolatus"
